timeStep,robot_0_x,robot_0_y,robot_1_x,robot_1_y,robot_2_x,robot_2_y,robot_3_x,robot_3_y,robot_4_x,robot_4_y,robot_5_x,robot_5_y,robot_6_x,robot_6_y,robot_7_x,robot_7_y,robot_8_x,robot_8_y,robot_9_x,robot_9_y,robot_10_x,robot_10_y,robot_11_x,robot_11_y,robot_12_x,robot_12_y,robot_13_x,robot_13_y,robot_14_x,robot_14_y,robot_15_x,robot_15_y,robot_16_x,robot_16_y,robot_17_x,robot_17_y,robot_18_x,robot_18_y,robot_19_x,robot_19_y,robot_20_x,robot_20_y,robot_21_x,robot_21_y,robot_22_x,robot_22_y,robot_23_x,robot_23_y,robot_24_x,robot_24_y
10,0.358971,0.72839,0.135344,0.814344,0.394657,0.175298,0.340296,0.490648,0.254654,0.285299,0.452753,0.17352,0.314505,0.696841,0.518523,0.583994,0.5567,0.779423,0.798836,0.451106,0.756608,0.489607,0.39073,0.659185,0.791311,0.848796,0.185851,0.519566,0.177017,0.795347,0.533613,0.442901,0.2176,0.303313,0.338662,0.645934,0.667129,0.239698,0.719843,0.241935,0.778507,0.792102,0.200705,0.644457,0.164201,0.357722,0.570304,0.126058,0.479392,0.532007
20,0.36819,0.725204,0.124523,0.81271,0.4054,0.178732,0.341691,0.503941,0.248848,0.28005,0.454875,0.164135,0.321891,0.705183,0.526932,0.583589,0.556847,0.772218,0.789592,0.448621,0.765598,0.487504,0.400159,0.656075,0.798143,0.856288,0.176263,0.52009,0.177101,0.803424,0.536812,0.451766,0.22709,0.306331,0.342281,0.636823,0.668794,0.250356,0.730456,0.242214,0.785852,0.785242,0.203153,0.651643,0.171765,0.351502,0.573479,0.114538,0.48138,0.539019
30,0.370802,0.721465,0.113931,0.810243,0.411655,0.188181,0.344457,0.517101,0.246971,0.271778,0.462282,0.157557,0.325299,0.715955,0.534716,0.587499,0.560046,0.765933,0.784677,0.440345,0.772218,0.48094,0.409566,0.659251,0.808204,0.857543,0.169609,0.513167,0.183907,0.807981,0.532065,0.459907,0.236424,0.303124,0.351472,0.633415,0.67703,0.257322,0.738376,0.235143,0.785879,0.77519,0.209996,0.654929,0.180763,0.348085,0.583729,0.10881,0.479568,0.546154
40,0.370802,0.721465,0.105686,0.817172,0.418525,0.197013,0.347531,0.530276,0.250003,0.264429,0.465348,0.148391,0.332191,0.724784,0.542706,0.590671,0.566511,0.763002,0.779921,0.431989,0.772735,0.471737,0.416691,0.666374,0.816667,0.851959,0.167712,0.503308,0.192214,0.807408,0.522774,0.461488,0.237666,0.293227,0.360687,0.637367,0.687965,0.257647,0.739298,0.224566,0.77857,0.768291,0.21774,0.653419,0.189683,0.351704,0.594824,0.112652,0.473608,0.550404
50,0.372463,0.718708,0.103765,0.82794,0.429691,0.200099,0.351018,0.54335,0.256287,0.259607,0.46146,0.139427,0.340627,0.731524,0.545616,0.598571,0.572637,0.759613,0.770053,0.427734,0.767239,0.465719,0.418588,0.67612,0.821358,0.842734,0.165412,0.493508,0.197023,0.800917,0.513719,0.457636,0.230165,0.28439,0.370513,0.638304,0.697483,0.252572,0.736215,0.214189,0.768418,0.767015,0.225461,0.651411,0.195021,0.35996,0.599862,0.123483,0.466334,0.551176
60,0.37376,0.715848,0.110404,0.836252,0.440526,0.197572,0.354935,0.556301,0.26419,0.260189,0.456306,0.130965,0.346639,0.736104,0.542427,0.606583,0.574212,0.752698,0.76042,0.426758,0.757977,0.464349,0.414252,0.685052,0.821901,0.832455,0.164577,0.483564,0.194249,0.793331,0.505618,0.451927,0.219091,0.281627,0.379966,0.634774,0.701357,0.242504,0.740627,0.204579,0.760365,0.77303,0.233163,0.649331,0.194683,0.369727,0.602343,0.135507,0.459741,0.547731
70,0.373584,0.715525,0.12129,0.835832,0.445396,0.187569,0.359278,0.569116,0.271427,0.263839,0.447506,0.126968,0.347573,0.733071,0.534587,0.609649,0.57536,0.745497,0.754111,0.41956,0.749563,0.460657,0.414896,0.689831,0.821388,0.822158,0.166477,0.473691,0.186388,0.791473,0.498055,0.445522,0.209497,0.287809,0.389254,0.637908,0.697694,0.232358,0.750649,0.201205,0.759237,0.783018,0.240845,0.647177,0.189339,0.377733,0.604129,0.147654,0.456556,0.541193
80,0.373171,0.715648,0.128178,0.827726,0.440702,0.177482,0.366342,0.580193,0.27939,0.265534,0.438345,0.130051,0.345274,0.722484,0.52698,0.60569,0.578292,0.738811,0.753571,0.409786,0.746438,0.452018,0.411184,0.689205,0.82235,0.811958,0.169356,0.464026,0.179514,0.796118,0.490988,0.438653,0.202213,0.296901,0.393376,0.645805,0.688379,0.226622,0.759974,0.206191,0.765745,0.790677,0.24702,0.642751,0.179933,0.380388,0.605863,0.159788,0.458573,0.534205
90,0.370877,0.719068,0.129111,0.816659,0.43208,0.17858,0.37825,0.58612,0.285975,0.269853,0.431798,0.129712,0.336849,0.715103,0.518913,0.602613,0.580888,0.731915,0.758973,0.401883,0.750073,0.443377,0.407037,0.686811,0.821108,0.802107,0.172945,0.454602,0.179014,0.804181,0.482577,0.433544,0.192411,0.303253,0.392792,0.64766,0.681449,0.218488,0.763711,0.216334,0.77176,0.793784,0.249722,0.635417,0.171447,0.385166,0.607206,0.171992,0.464756,0.530207
100,0.369627,0.723153,0.134132,0.806747,0.427343,0.179983,0.391113,0.584377,0.287901,0.277489,0.429998,0.129085,0.32592,0.714206,0.510192,0.602335,0.582737,0.724782,0.768366,0.40004,0.757822,0.438099,0.400476,0.682653,0.821329,0.795938,0.177225,0.445471,0.184913,0.810041,0.474357,0.428072,0.187251,0.313654,0.392792,0.64766,0.680939,0.207479,0.760414,0.226398,0.774158,0.791006,0.254717,0.629306,0.162274,0.388083,0.607846,0.184253,0.471711,0.527301
110,0.369461,0.723687,0.142662,0.799891,0.431691,0.176508,0.398581,0.574251,0.284381,0.28468,0.433327,0.131346,0.317381,0.721088,0.501932,0.599528,0.583714,0.717505,0.777472,0.403743,0.767001,0.43848,0.398421,0.686206,0.812457,0.797687,0.182693,0.437193,0.193221,0.809879,0.466105,0.422583,0.190687,0.324537,0.392792,0.64766,0.675477,0.198178,0.751883,0.232851,0.778341,0.782014,0.256339,0.62189,0.153567,0.383979,0.60778,0.196531,0.476831,0.522205
120,0.369461,0.723687,0.152365,0.794791,0.440476,0.171657,0.398605,0.574181,0.277737,0.288909,0.4416,0.133017,0.315712,0.732041,0.493554,0.601182,0.583777,0.710152,0.786883,0.402047,0.773864,0.444966,0.403269,0.694659,0.806167,0.80564,0.190995,0.431621,0.198671,0.803765,0.458372,0.416385,0.200973,0.329481,0.392792,0.64766,0.665258,0.194723,0.741067,0.232808,0.775489,0.772146,0.252248,0.61538,0.149979,0.375047,0.611012,0.207921,0.477324,0.520473
130,0.369461,0.723687,0.15431,0.784333,0.451674,0.170313,0.398605,0.574181,0.269984,0.287527,0.451009,0.130809,0.319925,0.742175,0.488063,0.607723,0.583159,0.702877,0.792346,0.394135,0.780917,0.451239,0.41294,0.69586,0.805641,0.815963,0.200444,0.429912,0.198317,0.795687,0.45129,0.409508,0.21163,0.325355,0.392792,0.64766,0.657967,0.193363,0.732714,0.226051,0.774102,0.761978,0.24652,0.609827,0.152889,0.365684,0.61771,0.220143,0.477324,0.520473
140,0.369461,0.723687,0.146872,0.776373,0.461214,0.17633,0.398605,0.574181,0.262739,0.283873,0.456382,0.122774,0.329901,0.747109,0.48784,0.616308,0.578448,0.697763,0.792646,0.384524,0.790034,0.452593,0.419922,0.68889,0.810591,0.824812,0.207906,0.435955,0.191709,0.790631,0.446011,0.401124,0.218333,0.315818,0.388656,0.654012,0.65533,0.198875,0.723242,0.221255,0.778406,0.752612,0.2408,0.604318,0.160303,0.359544,0.623296,0.227397,0.477641,0.51557
150,0.369461,0.723687,0.13652,0.772351,0.464825,0.187031,0.398605,0.574181,0.255843,0.279782,0.455668,0.112933,0.341013,0.747981,0.49143,0.624106,0.571234,0.697454,0.786115,0.37754,0.798565,0.4487,0.421071,0.679025,0.820103,0.828322,0.208196,0.445553,0.183813,0.792335,0.441326,0.392482,0.218765,0.304404,0.385076,0.663219,0.655429,0.20966,0.712617,0.223378,0.787337,0.747909,0.236768,0.597492,0.170108,0.359463,0.629847,0.237098,0.473769,0.509471
160,0.370438,0.720741,0.128075,0.765125,0.463146,0.198295,0.398605,0.574181,0.253197,0.272365,0.450392,0.104585,0.348682,0.745994,0.499036,0.627989,0.563946,0.698539,0.776403,0.37666,0.804746,0.441557,0.421259,0.66553,0.829614,0.824808,0.201916,0.453126,0.178063,0.79851,0.439774,0.382723,0.210758,0.296272,0.383455,0.676758,0.662561,0.217751,0.705257,0.231052,0.797583,0.749026,0.232838,0.590549,0.178215,0.364652,0.628467,0.249112,0.466648,0.508258
170,0.371108,0.719491,0.121969,0.755819,0.455033,0.20613,0.398605,0.574181,0.252457,0.264408,0.444089,0.097077,0.349866,0.744909,0.507396,0.626247,0.556774,0.699903,0.768163,0.381512,0.813746,0.439712,0.41521,0.658004,0.83813,0.818871,0.192379,0.454248,0.170227,0.801241,0.439198,0.37283,0.199348,0.296543,0.391603,0.681421,0.673251,0.219199,0.701528,0.241341,0.807617,0.750682,0.228843,0.583644,0.180624,0.373972,0.6232,0.259677,0.460975,0.512731
180,0.372281,0.718211,0.118934,0.745256,0.443908,0.208932,0.398605,0.574181,0.246487,0.259339,0.444741,0.0874778,0.349263,0.742503,0.514043,0.620668,0.550309,0.702588,0.765842,0.390788,0.821286,0.444961,0.41401,0.654648,0.848165,0.818935,0.185306,0.447754,0.162182,0.799211,0.439503,0.362924,0.191268,0.304854,0.399984,0.683113,0.684917,0.216931,0.692756,0.249317,0.816297,0.745224,0.224791,0.576791,0.176048,0.38244,0.611865,0.263394,0.460009,0.520071
190,0.373574,0.717201,0.121969,0.734742,0.433355,0.204952,0.398605,0.574181,0.238715,0.260304,0.452204,0.0814053,0.349942,0.740158,0.516121,0.612385,0.548284,0.70924,0.769749,0.399752,0.822678,0.454057,0.41401,0.654648,0.856088,0.8254,0.184981,0.437952,0.155295,0.794236,0.44062,0.353094,0.181741,0.311225,0.399984,0.683113,0.697194,0.221404,0.6802,0.249536,0.81987,0.735829,0.220155,0.570301,0.167204,0.386787,0.600591,0.26769,0.460257,0.527622
200,0.374311,0.71487,0.130207,0.727537,0.427673,0.195209,0.398998,0.572504,0.233494,0.266395,0.461735,0.0827182,0.35585,0.741794,0.512548,0.604629,0.551896,0.715379,0.777809,0.40529,0.818642,0.462433,0.41401,0.654648,0.856822,0.835408,0.190837,0.430342,0.14749,0.792124,0.441017,0.34326,0.170132,0.310068,0.399984,0.683113,0.703003,0.233153,0.67124,0.240266,0.815466,0.726794,0.215456,0.563874,0.161305,0.394534,0.594131,0.277602,0.458953,0.53482
210,0.374306,0.713397,0.1397,0.722027,0.426323,0.18363,0.403505,0.559949,0.233276,0.274224,0.467278,0.0905822,0.362083,0.743492,0.504902,0.600826,0.558536,0.717871,0.78733,0.404404,0.809976,0.465483,0.414214,0.654277,0.849692,0.84247,0.200424,0.429812,0.140856,0.797124,0.443043,0.333833,0.16124,0.302838,0.405714,0.681304,0.698937,0.244635,0.672327,0.228882,0.805889,0.72313,0.210211,0.557866,0.154037,0.400846,0.595848,0.289365,0.454102,0.540512
220,0.374307,0.713376,0.146507,0.713142,0.422421,0.172784,0.411185,0.549052,0.238893,0.279682,0.467303,0.100602,0.359596,0.736129,0.496265,0.601929,0.564741,0.721223,0.793377,0.396997,0.801793,0.461308,0.414214,0.654277,0.839655,0.845599,0.207082,0.43673,0.133518,0.800997,0.447738,0.325259,0.159706,0.291481,0.415196,0.683795,0.688808,0.248036,0.674758,0.218491,0.795966,0.725556,0.206308,0.551112,0.144363,0.400576,0.603072,0.298807,0.451886,0.547489
230,0.374867,0.713248,0.151282,0.703406,0.418815,0.161797,0.412645,0.536088,0.246861,0.280522,0.466701,0.110662,0.352263,0.727234,0.489508,0.607151,0.567996,0.727675,0.793584,0.38719,0.798429,0.452539,0.414058,0.653855,0.829448,0.847497,0.207748,0.446527,0.125244,0.800188,0.451829,0.316592,0.166361,0.282151,0.422822,0.690411,0.679606,0.242605,0.670516,0.208511,0.786559,0.730052,0.204192,0.543422,0.136145,0.395467,0.614667,0.30116,0.454531,0.554411
240,0.377432,0.713601,0.153919,0.692737,0.414962,0.150773,0.410948,0.531341,0.254007,0.276956,0.465751,0.120696,0.345205,0.7154,0.487518,0.615456,0.571185,0.734318,0.798006,0.3787,0.792465,0.445512,0.413092,0.651403,0.819036,0.847433,0.201433,0.45376,0.117061,0.799727,0.452762,0.306727,0.177667,0.279664,0.430393,0.696823,0.677687,0.232094,0.66139,0.203085,0.777091,0.734267,0.202016,0.535747,0.130936,0.387105,0.624969,0.295229,0.461004,0.55783
250,0.377806,0.71345,0.161557,0.684721,0.409994,0.140205,0.410948,0.531341,0.256899,0.269526,0.464456,0.130691,0.34624,0.704393,0.488856,0.620015,0.574811,0.740687,0.806582,0.373896,0.7833,0.444532,0.413092,0.651403,0.8086,0.84602,0.191832,0.453697,0.112076,0.806083,0.455925,0.297649,0.189169,0.281822,0.434659,0.705956,0.681936,0.22192,0.65051,0.203314,0.766788,0.735612,0.201197,0.527974,0.121909,0.383856,0.635393,0.289656,0.468421,0.557671
260,0.377806,0.71345,0.171496,0.680139,0.40139,0.133044,0.410948,0.531341,0.256382,0.261465,0.462817,0.140635,0.342138,0.693995,0.488856,0.620015,0.578363,0.747143,0.811342,0.365478,0.775915,0.450134,0.413092,0.651403,0.798307,0.84378,0.185614,0.44638,0.114385,0.814013,0.464189,0.292382,0.196825,0.29035,0.439045,0.709397,0.680235,0.211213,0.640519,0.199316,0.756336,0.735183,0.204933,0.521355,0.112283,0.382421,0.647166,0.291225,0.474284,0.553153
270,0.377806,0.71345,0.182532,0.681221,0.391827,0.126965,0.408693,0.524638,0.259812,0.254375,0.460835,0.150517,0.333038,0.687465,0.488856,0.620015,0.581526,0.753721,0.810909,0.355809,0.772464,0.458735,0.413092,0.651403,0.788219,0.840745,0.185792,0.436543,0.117613,0.82175,0.473271,0.288705,0.202102,0.3007,0.439045,0.709397,0.679029,0.200536,0.635444,0.189801,0.746263,0.737858,0.212236,0.519247,0.106069,0.37507,0.654012,0.300765,0.481128,0.550694
280,0.377806,0.71345,0.193768,0.681882,0.385222,0.117583,0.41109,0.511824,0.267134,0.251476,0.458513,0.160324,0.321912,0.687175,0.491028,0.625263,0.584927,0.760258,0.805339,0.348028,0.775787,0.467333,0.413092,0.651403,0.778543,0.836765,0.192542,0.429714,0.119789,0.830017,0.482233,0.291621,0.212875,0.304466,0.439045,0.709397,0.68619,0.192605,0.637078,0.179353,0.736462,0.74163,0.218925,0.522858,0.106517,0.365455,0.651637,0.312392,0.488465,0.549931
290,0.377806,0.71345,0.204768,0.679938,0.374374,0.115115,0.421595,0.504106,0.274547,0.254277,0.455854,0.170045,0.312505,0.692812,0.488669,0.633344,0.589001,0.766398,0.796445,0.343858,0.784121,0.471271,0.413092,0.651403,0.770239,0.830317,0.202122,0.430371,0.12373,0.837635,0.485746,0.300365,0.222995,0.299189,0.439045,0.709397,0.696872,0.192826,0.645806,0.173382,0.72643,0.744629,0.222707,0.529718,0.112125,0.357433,0.643868,0.321625,0.49303,0.544332
300,0.377806,0.71345,0.21365,0.673266,0.364896,0.121427,0.43454,0.505651,0.279569,0.260402,0.452862,0.179669,0.309572,0.703379,0.480894,0.636572,0.593703,0.772071,0.791703,0.335482,0.792873,0.468379,0.413092,0.651403,0.762141,0.82364,0.208494,0.437826,0.128854,0.844522,0.482299,0.309454,0.226075,0.2882,0.448067,0.71225,0.704485,0.200668,0.656135,0.175647,0.716555,0.748253,0.223259,0.537475,0.12135,0.353833,0.640503,0.332968,0.491934,0.537192
310,0.377806,0.71345,0.216719,0.662843,0.35422,0.125066,0.441471,0.515727,0.279203,0.268269,0.449538,0.189184,0.314729,0.713057,0.475637,0.634721,0.59898,0.777214,0.791045,0.325603,0.800671,0.463201,0.413092,0.651403,0.759036,0.814098,0.20867,0.447427,0.134198,0.85103,0.479371,0.318874,0.221365,0.277479,0.457282,0.708712,0.713901,0.205929,0.662385,0.184459,0.706556,0.750582,0.225673,0.544892,0.130865,0.350641,0.645538,0.343675,0.487954,0.532816
320,0.377806,0.71345,0.211303,0.653145,0.342923,0.126594,0.440301,0.526306,0.273611,0.273814,0.446101,0.198594,0.325169,0.716591,0.475637,0.634721,0.604168,0.782343,0.791699,0.31572,0.810211,0.462383,0.413092,0.651403,0.759601,0.80381,0.201511,0.453826,0.135675,0.859282,0.476139,0.328243,0.221614,0.266021,0.461763,0.699916,0.724464,0.203742,0.671014,0.190645,0.696717,0.747668,0.224588,0.552416,0.140255,0.347099,0.65642,0.348318,0.489499,0.531208
330,0.377806,0.71345,0.20342,0.645111,0.332565,0.131986,0.449863,0.523845,0.266787,0.278462,0.446217,0.208552,0.336511,0.715916,0.475637,0.634721,0.609324,0.787607,0.793956,0.305995,0.819836,0.462524,0.4076,0.643796,0.753889,0.795432,0.191991,0.452577,0.137526,0.867636,0.473018,0.337602,0.2285,0.254841,0.459206,0.690381,0.731463,0.195335,0.681745,0.189657,0.691188,0.739223,0.218544,0.557025,0.149508,0.343212,0.668281,0.345843,0.485242,0.536532
340,0.381436,0.713385,0.194011,0.638934,0.322612,0.137964,0.455971,0.512394,0.259694,0.284888,0.447325,0.218569,0.344262,0.715101,0.475637,0.634721,0.615048,0.79214,0.794486,0.296099,0.829454,0.462903,0.397889,0.642978,0.744275,0.791614,0.18651,0.444555,0.141103,0.875439,0.470026,0.346859,0.239658,0.241843,0.451755,0.683622,0.733338,0.184712,0.691176,0.184312,0.692939,0.729283,0.211002,0.556083,0.157882,0.337822,0.680069,0.343844,0.486111,0.543703
350,0.387193,0.713399,0.183354,0.635771,0.312101,0.143053,0.458145,0.49933,0.253917,0.284879,0.448086,0.228619,0.349889,0.714487,0.475637,0.634721,0.622159,0.792761,0.792035,0.28643,0.83906,0.463521,0.391846,0.648857,0.73396,0.792087,0.185669,0.43487,0.146179,0.882361,0.471335,0.35659,0.252416,0.236174,0.441906,0.681033,0.732629,0.173736,0.695299,0.174529,0.701019,0.723235,0.204023,0.552413,0.165511,0.331301,0.691853,0.347277,0.492017,0.548028
360,0.392942,0.713556,0.172373,0.633952,0.302359,0.149355,0.46805,0.490854,0.249196,0.283145,0.4485,0.238689,0.355519,0.714015,0.475637,0.634721,0.629127,0.794575,0.789395,0.276784,0.848631,0.463952,0.391846,0.648857,0.726066,0.798451,0.191573,0.4269,0.152485,0.88814,0.474478,0.36577,0.266747,0.235427,0.434095,0.675108,0.736758,0.163597,0.691596,0.164578,0.711335,0.722275,0.196884,0.549415,0.172892,0.324501,0.703417,0.351401,0.497638,0.552676
370,0.396717,0.710682,0.161336,0.63406,0.298646,0.159842,0.481073,0.491435,0.250906,0.279874,0.446968,0.248538,0.361169,0.714576,0.475637,0.634721,0.635967,0.796684,0.784325,0.268395,0.858136,0.46429,0.391846,0.648857,0.724202,0.808417,0.198549,0.419665,0.159563,0.892722,0.479731,0.374174,0.275316,0.236832,0.433401,0.6737,0.745699,0.157152,0.68208,0.159869,0.720995,0.719467,0.189724,0.551984,0.180016,0.317433,0.71481,0.355926,0.500208,0.559574
380,0.397893,0.709872,0.151839,0.628521,0.302941,0.170377,0.491383,0.49984,0.258366,0.27893,0.44607,0.258407,0.365361,0.707389,0.475637,0.634721,0.64283,0.794725,0.778069,0.260592,0.867434,0.462324,0.391846,0.648857,0.728164,0.817988,0.2048,0.411778,0.167878,0.894854,0.482409,0.383448,0.272905,0.240475,0.433401,0.6737,0.750501,0.147493,0.671651,0.162581,0.725572,0.710502,0.18308,0.556108,0.186874,0.310106,0.723659,0.363658,0.498453,0.566805
390,0.397893,0.709872,0.144837,0.620051,0.313317,0.174889,0.494783,0.512486,0.265301,0.283035,0.447476,0.268365,0.364783,0.696438,0.471993,0.631554,0.647336,0.789189,0.771752,0.25284,0.876786,0.460537,0.391846,0.648857,0.728631,0.828336,0.211374,0.404131,0.176452,0.895268,0.48142,0.393211,0.266572,0.249454,0.432188,0.670402,0.747799,0.137034,0.661077,0.162395,0.724197,0.700426,0.177978,0.56173,0.193611,0.302872,0.725108,0.375668,0.492991,0.571607
400,0.398823,0.707553,0.143417,0.609199,0.3243,0.172168,0.495743,0.525834,0.272419,0.286537,0.450145,0.278035,0.356803,0.688894,0.470035,0.623366,0.653031,0.785029,0.765384,0.24515,0.886352,0.461364,0.391846,0.648857,0.733195,0.837588,0.218499,0.396993,0.184934,0.893946,0.476835,0.401965,0.25562,0.253016,0.433159,0.660646,0.74394,0.12681,0.652323,0.155935,0.716167,0.69438,0.178417,0.569309,0.20257,0.299216,0.725703,0.387792,0.485761,0.573749
410,0.399034,0.707015,0.145202,0.598789,0.331134,0.163229,0.49463,0.537411,0.279794,0.2839,0.452748,0.287772,0.347817,0.682455,0.475186,0.616708,0.660075,0.78537,0.758004,0.238487,0.895963,0.461905,0.391846,0.648857,0.741701,0.843107,0.226066,0.390379,0.193029,0.89137,0.471387,0.410244,0.253659,0.253087,0.441057,0.654839,0.745477,0.115966,0.641769,0.154774,0.705956,0.695477,0.184045,0.577009,0.21161,0.302523,0.732313,0.397903,0.476258,0.574214
420,0.399034,0.707015,0.146496,0.591086,0.330907,0.152097,0.493161,0.542477,0.283193,0.276688,0.455012,0.297592,0.343823,0.671949,0.47806,0.615762,0.665856,0.789661,0.749006,0.234691,0.90533,0.463343,0.391846,0.648857,0.751753,0.841774,0.232615,0.382738,0.198363,0.885061,0.467084,0.418866,0.253659,0.253087,0.44563,0.654696,0.751639,0.106822,0.631617,0.158651,0.695746,0.69754,0.190228,0.586086,0.216053,0.311121,0.739721,0.407694,0.462959,0.572402
430,0.399034,0.707015,0.155109,0.588941,0.322141,0.145247,0.485835,0.539755,0.2879,0.270374,0.458038,0.307134,0.335933,0.663998,0.47806,0.615762,0.6686,0.796158,0.739791,0.230932,0.911488,0.470161,0.391846,0.648857,0.758741,0.834284,0.23965,0.375512,0.196467,0.877209,0.469037,0.428199,0.253659,0.253087,0.44563,0.654696,0.752009,0.0960412,0.620913,0.156857,0.68532,0.698928,0.190976,0.593564,0.216365,0.312647,0.746554,0.417894,0.453216,0.567225
440,0.399034,0.707015,0.163393,0.591208,0.311297,0.147733,0.477786,0.529431,0.295654,0.268911,0.462232,0.316193,0.325093,0.662342,0.47806,0.615762,0.66775,0.803301,0.732508,0.224559,0.910792,0.479322,0.391846,0.648857,0.766848,0.82826,0.247202,0.368829,0.189227,0.872734,0.476523,0.434106,0.245139,0.254363,0.44563,0.654696,0.752001,0.085343,0.610329,0.159064,0.674942,0.700643,0.197281,0.599884,0.216365,0.312647,0.75346,0.427978,0.455719,0.561262
450,0.399034,0.707015,0.172981,0.590396,0.305891,0.157691,0.476907,0.527265,0.303569,0.268375,0.469016,0.323616,0.316096,0.668613,0.47806,0.615762,0.663083,0.808588,0.727075,0.216164,0.903677,0.485133,0.391846,0.648857,0.777159,0.82706,0.255163,0.362695,0.181088,0.870005,0.486055,0.433833,0.23726,0.26262,0.44563,0.654696,0.76005,0.0783163,0.602857,0.166607,0.664623,0.702684,0.200394,0.607321,0.216365,0.312647,0.760717,0.437881,0.461449,0.558973
460,0.399034,0.707015,0.178343,0.581055,0.303347,0.169071,0.476907,0.527265,0.311034,0.26544,0.475638,0.331213,0.313897,0.679356,0.47806,0.615762,0.656131,0.80977,0.71984,0.209831,0.894435,0.484143,0.391846,0.648857,0.787258,0.825587,0.259815,0.354187,0.172566,0.868972,0.495155,0.430552,0.237887,0.274015,0.44563,0.654696,0.770631,0.0798009,0.602585,0.177221,0.654371,0.704829,0.196349,0.613756,0.216365,0.312647,0.767393,0.448185,0.461449,0.558973
470,0.399034,0.707015,0.18276,0.571035,0.301136,0.180304,0.476907,0.527265,0.318523,0.267879,0.480518,0.339829,0.319586,0.688864,0.47806,0.615762,0.649726,0.806518,0.710218,0.207113,0.885434,0.480732,0.391846,0.648857,0.796593,0.820746,0.257786,0.344704,0.164011,0.869677,0.504206,0.433902,0.24618,0.281261,0.44563,0.654696,0.776436,0.0887714,0.609661,0.185136,0.643903,0.705328,0.189056,0.616529,0.216365,0.312647,0.773466,0.458855,0.461449,0.558973
480,0.399034,0.707015,0.191894,0.564979,0.292872,0.18798,0.476907,0.527265,0.322386,0.274742,0.483813,0.349336,0.329044,0.694846,0.47806,0.615762,0.643413,0.80275,0.700449,0.205089,0.876521,0.477097,0.391846,0.648857,0.806188,0.816397,0.253798,0.33859,0.155774,0.87209,0.51371,0.434673,0.246203,0.281271,0.44563,0.654696,0.77561,0.0998746,0.619806,0.189468,0.633493,0.705524,0.183988,0.622182,0.213472,0.312676,0.778917,0.469857,0.461449,0.558973
490,0.399034,0.707015,0.200561,0.558561,0.281508,0.18921,0.476907,0.527265,0.320586,0.282409,0.487514,0.358708,0.335376,0.703754,0.47806,0.615762,0.638251,0.797738,0.690899,0.202644,0.867701,0.473243,0.391846,0.648857,0.816092,0.812809,0.251353,0.337984,0.148205,0.876104,0.521495,0.429166,0.246203,0.281271,0.44563,0.654696,0.773674,0.110905,0.630091,0.193526,0.62534,0.711594,0.184474,0.629758,0.212039,0.318597,0.782037,0.481548,0.461449,0.558973
500,0.399034,0.707015,0.200146,0.547932,0.2715,0.194071,0.476907,0.527265,0.320388,0.282716,0.489416,0.368377,0.333285,0.714482,0.47806,0.615762,0.631958,0.794405,0.684175,0.195543,0.858979,0.469171,0.391846,0.648857,0.826246,0.810004,0.251353,0.337984,0.141188,0.881048,0.524353,0.419923,0.246203,0.281271,0.44563,0.654696,0.770953,0.121769,0.640185,0.197941,0.617452,0.718238,0.190221,0.634718,0.206293,0.326319,0.790199,0.490113,0.461449,0.558973
510,0.399034,0.707015,0.191132,0.541814,0.267161,0.204588,0.474767,0.521933,0.320388,0.282716,0.488033,0.377385,0.325101,0.722247,0.47806,0.615762,0.624979,0.795421,0.682963,0.186032,0.850361,0.464883,0.391846,0.648857,0.836587,0.807999,0.251353,0.337984,0.1353,0.887294,0.525594,0.411126,0.246203,0.281271,0.44563,0.654696,0.767461,0.132411,0.646574,0.206438,0.60867,0.7235,0.19794,0.634393,0.198681,0.332427,0.802019,0.492652,0.461449,0.558973
520,0.399034,0.707015,0.180778,0.544255,0.271728,0.214733,0.475746,0.508919,0.320388,0.282716,0.484256,0.382627,0.317867,0.730895,0.47806,0.615762,0.620728,0.801156,0.687076,0.17721,0.841852,0.460383,0.391846,0.648857,0.847053,0.806806,0.251353,0.337984,0.130791,0.894599,0.529331,0.405808,0.246203,0.281271,0.44563,0.654696,0.763217,0.142775,0.652495,0.215317,0.606009,0.733193,0.205701,0.634997,0.197479,0.34193,0.81178,0.499662,0.461449,0.558973
530,0.399034,0.707015,0.176758,0.554322,0.282482,0.217584,0.482639,0.497445,0.320388,0.282716,0.491346,0.381342,0.307457,0.734942,0.47806,0.615762,0.615228,0.805569,0.691065,0.168461,0.833458,0.455672,0.391846,0.648857,0.857557,0.807162,0.251353,0.337984,0.127698,0.902556,0.522197,0.406311,0.246203,0.281271,0.44563,0.654696,0.758241,0.152808,0.662814,0.217819,0.611254,0.741767,0.211361,0.640071,0.203625,0.349277,0.814431,0.5111,0.461449,0.558973
540,0.399034,0.707015,0.176436,0.565279,0.291475,0.211034,0.484183,0.484559,0.320388,0.282716,0.497882,0.37408,0.296993,0.731783,0.47806,0.615762,0.60809,0.805683,0.690331,0.158666,0.825183,0.450755,0.391846,0.648857,0.868049,0.807872,0.254213,0.334717,0.122222,0.90879,0.515027,0.412621,0.246203,0.281271,0.44563,0.654696,0.752559,0.162459,0.672238,0.212693,0.621095,0.743813,0.212357,0.647766,0.208677,0.355263,0.807656,0.520689,0.461449,0.558973
550,0.399034,0.707015,0.184608,0.572112,0.29432,0.199896,0.475937,0.474367,0.320388,0.282716,0.50056,0.364583,0.292072,0.722024,0.47806,0.615762,0.601314,0.807272,0.695316,0.150494,0.817033,0.445634,0.391846,0.648857,0.878506,0.809139,0.255655,0.332435,0.11422,0.910984,0.51162,0.421635,0.246203,0.281271,0.44563,0.654696,0.746201,0.171679,0.682138,0.208499,0.631131,0.741438,0.208882,0.654582,0.212987,0.357207,0.795943,0.52338,0.461449,0.558973
560,0.399034,0.707015,0.195081,0.575599,0.301614,0.191293,0.463479,0.470688,0.320388,0.282716,0.505599,0.356105,0.295752,0.711733,0.47806,0.615762,0.598288,0.813532,0.70464,0.148105,0.809012,0.440312,0.391677,0.649274,0.888833,0.811218,0.255663,0.332424,0.10633,0.908413,0.514519,0.430736,0.246203,0.281271,0.44563,0.654696,0.739199,0.18042,0.691197,0.202662,0.640754,0.745058,0.205243,0.661352,0.214287,0.349128,0.785608,0.517808,0.461449,0.558973
570,0.399426,0.707444,0.20218,0.583928,0.312699,0.189214,0.451563,0.476478,0.320388,0.282716,0.514035,0.351036,0.305638,0.70649,0.47806,0.615762,0.60127,0.81983,0.713996,0.14589,0.800244,0.43701,0.390213,0.658658,0.898355,0.815399,0.255663,0.332424,0.101157,0.901925,0.521405,0.437476,0.246203,0.281271,0.44563,0.654696,0.740027,0.191285,0.691484,0.195769,0.646685,0.753243,0.205784,0.668971,0.208807,0.341272,0.780997,0.506723,0.461449,0.558973
580,0.400411,0.708607,0.206129,0.594395,0.322615,0.194589,0.438898,0.48069,0.320388,0.282716,0.521783,0.345246,0.316414,0.702718,0.47806,0.615762,0.605914,0.825247,0.719037,0.137764,0.79116,0.438615,0.39551,0.663815,0.907272,0.820641,0.255663,0.332424,0.0986334,0.893754,0.530888,0.43848,0.246203,0.281271,0.44563,0.654696,0.7364,0.201568,0.693276,0.195878,0.651541,0.762178,0.211515,0.673949,0.199226,0.339527,0.78295,0.495008,0.461449,0.558973
590,0.400411,0.708607,0.210164,0.60472,0.328349,0.204561,0.430931,0.490936,0.320388,0.282716,0.523508,0.33572,0.327033,0.698799,0.47806,0.615762,0.60631,0.832304,0.716816,0.128408,0.78568,0.446026,0.404787,0.662619,0.910516,0.830137,0.255663,0.332424,0.0947144,0.886117,0.53899,0.433265,0.246203,0.281271,0.44563,0.654696,0.733038,0.211817,0.697099,0.205913,0.661191,0.764988,0.219282,0.674921,0.190591,0.343672,0.792724,0.488475,0.461449,0.558973
600,0.400411,0.708607,0.212706,0.615382,0.337069,0.212171,0.432909,0.503826,0.320388,0.282716,0.52004,0.326583,0.334326,0.69032,0.47806,0.615762,0.606316,0.839357,0.709878,0.121752,0.786655,0.455296,0.404788,0.662619,0.905407,0.838774,0.255663,0.332424,0.0893373,0.879426,0.543709,0.42497,0.246203,0.281271,0.44563,0.654696,0.737281,0.221748,0.704008,0.213452,0.669846,0.759876,0.226606,0.676978,0.185173,0.351913,0.804589,0.489004,0.461449,0.558973
610,0.400411,0.708607,0.221647,0.62191,0.343153,0.221847,0.435669,0.51663,0.320388,0.282716,0.511487,0.322083,0.344054,0.685338,0.47806,0.615762,0.611613,0.843862,0.700137,0.121299,0.786395,0.464487,0.404788,0.662619,0.895521,0.840503,0.255663,0.332424,0.0827225,0.873955,0.542023,0.415585,0.246203,0.281271,0.44563,0.654696,0.746872,0.22701,0.71479,0.214515,0.672106,0.750026,0.230736,0.683516,0.176293,0.355625,0.813571,0.497051,0.461449,0.558973
620,0.400411,0.708607,0.23014,0.62896,0.343978,0.233096,0.429083,0.52788,0.320388,0.282716,0.502162,0.324629,0.355201,0.686903,0.47806,0.615762,0.6185,0.842591,0.692119,0.126508,0.781404,0.472514,0.404788,0.662619,0.887574,0.834186,0.255663,0.332424,0.0751413,0.869929,0.534708,0.409468,0.246203,0.281271,0.44563,0.654696,0.757826,0.228055,0.724885,0.210563,0.669708,0.739983,0.230601,0.691116,0.167259,0.352303,0.824798,0.500785,0.461449,0.558973
630,0.400411,0.708607,0.240656,0.627356,0.337528,0.242348,0.416542,0.531871,0.320388,0.282716,0.496178,0.33253,0.3661,0.684885,0.47806,0.615762,0.623409,0.837411,0.688872,0.135733,0.781858,0.48172,0.404788,0.662619,0.881709,0.825435,0.255663,0.332424,0.0669045,0.867513,0.525368,0.406777,0.246203,0.281271,0.44563,0.654696,0.768715,0.22803,0.730357,0.201447,0.661579,0.734072,0.22831,0.698511,0.1629,0.343721,0.836202,0.496892,0.461449,0.558973
640,0.400411,0.708607,0.244993,0.617642,0.327295,0.247474,0.404187,0.536678,0.320388,0.282716,0.492759,0.341832,0.372857,0.676177,0.47806,0.615762,0.628953,0.833052,0.692209,0.144694,0.787343,0.489326,0.404788,0.662619,0.876544,0.816255,0.255663,0.332424,0.0583497,0.866805,0.520275,0.398848,0.246203,0.281271,0.44563,0.654696,0.776152,0.235702,0.734623,0.191638,0.651705,0.735951,0.231537,0.705437,0.16405,0.333973,0.84791,0.497958,0.461449,0.558973
650,0.400411,0.708607,0.239168,0.608741,0.316173,0.245602,0.391284,0.539637,0.320388,0.282716,0.495071,0.351217,0.374172,0.665233,0.47806,0.615762,0.636004,0.833144,0.700788,0.149365,0.796349,0.491888,0.404788,0.662619,0.872111,0.806699,0.255663,0.332424,0.0498278,0.867835,0.522954,0.389694,0.246203,0.281271,0.44563,0.654696,0.77522,0.246346,0.744508,0.187564,0.643434,0.742445,0.237943,0.709833,0.170895,0.327206,0.856803,0.50583,0.461449,0.558973
660,0.400411,0.708607,0.22824,0.607416,0.308714,0.237122,0.378745,0.535215,0.320388,0.282716,0.50306,0.356916,0.368871,0.655371,0.47806,0.615762,0.641434,0.837644,0.707769,0.156205,0.805184,0.489261,0.404788,0.662619,0.868435,0.796827,0.255663,0.332424,0.0416881,0.870561,0.53059,0.384157,0.246203,0.281271,0.44563,0.654696,0.766564,0.252611,0.754524,0.183433,0.634651,0.747761,0.244544,0.714005,0.180516,0.326905,0.857388,0.517684,0.461449,0.558973
670,0.400411,0.708607,0.217324,0.605468,0.301778,0.228249,0.368763,0.526246,0.320388,0.282716,0.512588,0.359329,0.359676,0.64907,0.47806,0.615762,0.643141,0.844604,0.716209,0.161205,0.809842,0.481247,0.404788,0.662619,0.86554,0.786698,0.255663,0.332424,0.0342644,0.87487,0.540181,0.384733,0.246203,0.281271,0.44563,0.654696,0.755526,0.252563,0.765098,0.183463,0.624547,0.746355,0.252113,0.713425,0.18895,0.331871,0.850964,0.527523,0.461449,0.558973
680,0.400411,0.708607,0.207273,0.610197,0.290664,0.227741,0.361295,0.51555,0.320388,0.282716,0.522383,0.359736,0.348775,0.65026,0.47806,0.615762,0.647001,0.850389,0.721429,0.169228,0.811569,0.471917,0.404788,0.662619,0.863444,0.776375,0.255663,0.332424,0.0289504,0.880526,0.546156,0.392021,0.246203,0.281271,0.44563,0.654696,0.744831,0.24998,0.772324,0.191184,0.616675,0.740025,0.257002,0.707616,0.192168,0.340943,0.839356,0.52929,0.461449,0.558973
690,0.400411,0.708607,0.198709,0.617501,0.283257,0.236063,0.363131,0.502644,0.320388,0.282716,0.529033,0.366689,0.339434,0.656491,0.47806,0.615762,0.653926,0.851019,0.719521,0.178609,0.817999,0.465355,0.404788,0.662619,0.862158,0.76592,0.255663,0.332424,0.0306439,0.8845,0.545205,0.401629,0.246203,0.281271,0.44563,0.654696,0.733987,0.251982,0.771848,0.201864,0.615255,0.730032,0.257844,0.699773,0.189774,0.350462,0.829467,0.522483,0.461449,0.558973
700,0.400411,0.708607,0.191893,0.626458,0.281962,0.244686,0.369942,0.491124,0.320388,0.282716,0.528943,0.37561,0.328529,0.655756,0.47806,0.615762,0.658767,0.846027,0.712228,0.185132,0.8272,0.465496,0.404788,0.662619,0.861692,0.755396,0.255663,0.332424,0.0293043,0.883467,0.539005,0.409968,0.246203,0.281271,0.44563,0.654696,0.724346,0.247376,0.772203,0.212483,0.620809,0.721402,0.257823,0.691795,0.182145,0.356501,0.824196,0.511758,0.461449,0.558973
710,0.400411,0.708607,0.187136,0.636658,0.281962,0.244686,0.374782,0.478488,0.320388,0.282716,0.52772,0.38553,0.321547,0.647348,0.47806,0.615762,0.658669,0.838807,0.702669,0.185619,0.836788,0.466543,0.404788,0.662619,0.862046,0.744868,0.255663,0.332424,0.0254652,0.87769,0.536023,0.419026,0.246203,0.281271,0.44563,0.654696,0.721515,0.237073,0.779737,0.219986,0.626284,0.712552,0.257728,0.683817,0.175568,0.363476,0.827034,0.502058,0.461449,0.558973
720,0.400411,0.708607,0.184886,0.6476,0.281962,0.244686,0.380864,0.466505,0.320388,0.282716,0.521921,0.393406,0.321471,0.639592,0.47806,0.615762,0.657174,0.831591,0.695514,0.17926,0.844729,0.461863,0.404788,0.662619,0.863221,0.7344,0.255663,0.332424,0.0239698,0.869512,0.536974,0.4287,0.246203,0.281271,0.44563,0.654696,0.726864,0.227543,0.790169,0.222507,0.629941,0.702787,0.257557,0.675841,0.176145,0.373091,0.837883,0.497568,0.461449,0.558973
730,0.400411,0.708607,0.189162,0.657638,0.281962,0.244686,0.387028,0.454491,0.320388,0.282716,0.51276,0.396348,0.328385,0.631127,0.47806,0.615762,0.654923,0.824575,0.69217,0.170026,0.847255,0.452982,0.404788,0.662619,0.865832,0.724225,0.255663,0.332424,0.0238398,0.860929,0.531473,0.43637,0.246203,0.281271,0.44563,0.654696,0.729226,0.217018,0.799533,0.217504,0.629103,0.692421,0.257311,0.667867,0.181484,0.381362,0.848464,0.502692,0.464884,0.558724
740,0.400411,0.708607,0.199319,0.661695,0.281962,0.244686,0.392592,0.442157,0.320388,0.282716,0.504359,0.391659,0.339284,0.630304,0.47806,0.615762,0.65291,0.817563,0.684197,0.164746,0.845724,0.443607,0.404788,0.662619,0.869407,0.714316,0.255663,0.332424,0.0244839,0.85271,0.522312,0.439044,0.246203,0.281271,0.44563,0.654696,0.724122,0.207516,0.802923,0.207443,0.629551,0.681964,0.256727,0.66006,0.190538,0.384486,0.854012,0.513193,0.470894,0.554688
750,0.40128,0.706265,0.20946,0.657599,0.281962,0.244686,0.397746,0.429646,0.320388,0.282716,0.501995,0.382277,0.34739,0.637636,0.47806,0.615762,0.653818,0.810569,0.674493,0.165911,0.84212,0.434914,0.404788,0.662619,0.873744,0.704716,0.255663,0.332424,0.0261757,0.845197,0.514155,0.4341,0.246203,0.281271,0.44563,0.654696,0.716057,0.200103,0.798497,0.197793,0.629963,0.671453,0.256605,0.652415,0.198989,0.379977,0.851017,0.524813,0.473424,0.547819
760,0.400898,0.69651,0.212462,0.647393,0.281962,0.244686,0.402479,0.416988,0.320388,0.282716,0.504681,0.372767,0.352921,0.647319,0.47806,0.615762,0.658677,0.80522,0.667603,0.172541,0.845017,0.426196,0.404788,0.662619,0.878815,0.695483,0.255663,0.332424,0.0276757,0.838614,0.505883,0.429312,0.246203,0.281271,0.44563,0.654696,0.715343,0.189442,0.789104,0.192381,0.630045,0.660935,0.261786,0.646853,0.201434,0.370716,0.850575,0.536863,0.471449,0.540717
770,0.39319,0.690533,0.205703,0.638918,0.281962,0.244686,0.408031,0.404676,0.320388,0.282716,0.507749,0.3634,0.363238,0.651035,0.47806,0.615762,0.663737,0.799864,0.666157,0.182213,0.85212,0.419959,0.404788,0.662619,0.884766,0.686829,0.255663,0.332424,0.0289225,0.83322,0.496254,0.428942,0.246203,0.281271,0.44563,0.654696,0.722578,0.181281,0.778582,0.193797,0.629421,0.650495,0.269379,0.646511,0.197374,0.361793,0.856706,0.546982,0.465155,0.53717
780,0.383659,0.692604,0.197525,0.631438,0.281962,0.244686,0.41289,0.392157,0.320388,0.282716,0.512927,0.354982,0.373276,0.646618,0.47806,0.615762,0.668055,0.793929,0.671125,0.190382,0.854354,0.411017,0.404788,0.662619,0.891845,0.679028,0.255663,0.332424,0.0298649,0.828401,0.48771,0.433619,0.246203,0.281271,0.44563,0.654696,0.733128,0.179587,0.77189,0.202039,0.627206,0.640212,0.275038,0.651586,0.188627,0.357889,0.867627,0.552323,0.458306,0.539465
790,0.38246,0.693608,0.194188,0.621015,0.281962,0.244686,0.413889,0.379206,0.320388,0.282716,0.51365,0.345292,0.376648,0.64134,0.47806,0.615762,0.671367,0.787346,0.680027,0.194317,0.850597,0.4023,0.404788,0.662619,0.89951,0.671802,0.255663,0.332424,0.0304642,0.824802,0.478061,0.434179,0.246203,0.281271,0.44563,0.654696,0.741315,0.186453,0.772469,0.212752,0.623111,0.630646,0.279132,0.658158,0.179815,0.361642,0.879032,0.556868,0.454755,0.545964
800,0.38246,0.693608,0.197016,0.610443,0.281962,0.244686,0.40514,0.36962,0.320388,0.282716,0.507909,0.337333,0.376648,0.64134,0.47806,0.615762,0.674998,0.781033,0.689083,0.191248,0.84626,0.393707,0.404788,0.662619,0.908026,0.665892,0.255663,0.332424,0.030696,0.822878,0.470814,0.428154,0.246203,0.281271,0.44563,0.654696,0.741484,0.197137,0.771627,0.223357,0.616623,0.622482,0.286443,0.6602,0.176142,0.370661,0.890159,0.561975,0.456117,0.553058
810,0.38246,0.693608,0.204719,0.602457,0.281962,0.244686,0.392083,0.367338,0.320388,0.282716,0.504557,0.328256,0.376648,0.64134,0.47806,0.615762,0.677941,0.774277,0.693249,0.182641,0.842138,0.385008,0.404788,0.662619,0.917976,0.667199,0.255663,0.332424,0.0305408,0.822715,0.467282,0.418984,0.246203,0.281271,0.44563,0.654696,0.733842,0.204918,0.770134,0.233979,0.609242,0.614988,0.293022,0.656412,0.171214,0.379139,0.902187,0.563847,0.462294,0.556802
820,0.38246,0.693608,0.214624,0.597454,0.281962,0.244686,0.378714,0.368129,0.320388,0.282716,0.50691,0.318871,0.376648,0.64134,0.47806,0.615762,0.680151,0.767248,0.691022,0.173114,0.838649,0.376067,0.404788,0.662619,0.923449,0.675611,0.255663,0.332424,0.0300244,0.824325,0.468874,0.409466,0.246203,0.281271,0.44563,0.654696,0.723316,0.207824,0.773311,0.244384,0.60163,0.60773,0.297627,0.650134,0.162618,0.383469,0.912916,0.568651,0.469493,0.55514
830,0.38246,0.693608,0.225543,0.596726,0.281962,0.244686,0.367551,0.361397,0.320388,0.282716,0.514404,0.312392,0.376648,0.64134,0.47806,0.615762,0.682632,0.760511,0.68353,0.167173,0.838218,0.36665,0.404788,0.662619,0.920612,0.685236,0.255663,0.332424,0.0306844,0.827331,0.467846,0.399986,0.246203,0.281271,0.44563,0.654696,0.714008,0.202577,0.780555,0.252426,0.593792,0.600714,0.30503,0.648028,0.153372,0.380793,0.916498,0.579833,0.47487,0.550001
840,0.38246,0.693608,0.235897,0.600797,0.281962,0.244686,0.364002,0.348853,0.320388,0.282716,0.517591,0.303267,0.376648,0.64134,0.47806,0.615762,0.686583,0.754414,0.67404,0.168346,0.839146,0.357106,0.404788,0.662619,0.911424,0.689556,0.255663,0.332424,0.0293976,0.826406,0.463853,0.391175,0.246203,0.281271,0.44563,0.654696,0.711881,0.192106,0.79112,0.254549,0.585738,0.593949,0.312334,0.650155,0.148418,0.37254,0.910533,0.589947,0.481495,0.546585
850,0.38246,0.693608,0.246695,0.599806,0.281962,0.244686,0.369982,0.33727,0.320388,0.282716,0.513695,0.294422,0.376648,0.64134,0.47806,0.615762,0.687644,0.747229,0.668147,0.175944,0.838883,0.347486,0.404788,0.662619,0.90098,0.690928,0.255663,0.332424,0.0255694,0.820709,0.467107,0.38233,0.246203,0.281271,0.44563,0.654696,0.716823,0.182411,0.80074,0.259213,0.577475,0.58744,0.316064,0.656778,0.150412,0.363108,0.899014,0.592223,0.485433,0.540529
860,0.38246,0.693608,0.254486,0.592103,0.281962,0.244686,0.381427,0.330617,0.320388,0.282716,0.504841,0.290186,0.376648,0.64134,0.47806,0.615762,0.69072,0.740832,0.667316,0.185523,0.838842,0.33786,0.404788,0.662619,0.89046,0.691483,0.255663,0.332424,0.0239732,0.812567,0.475978,0.379151,0.246203,0.281271,0.44563,0.654696,0.727053,0.179328,0.807533,0.267611,0.569678,0.580529,0.314088,0.664118,0.15557,0.354498,0.887963,0.587028,0.484467,0.533154
870,0.38246,0.693608,0.254204,0.58147,0.281962,0.244686,0.394264,0.332885,0.320388,0.282716,0.494947,0.289993,0.376648,0.64134,0.47806,0.615762,0.69583,0.735789,0.67037,0.194826,0.83656,0.328878,0.404788,0.662619,0.87993,0.691216,0.255663,0.332424,0.0266168,0.804524,0.484443,0.383659,0.246203,0.281271,0.44563,0.654696,0.737341,0.18328,0.80888,0.278288,0.56328,0.572182,0.307536,0.667972,0.160406,0.345705,0.877337,0.580877,0.486529,0.526163
880,0.38246,0.693608,0.246671,0.573312,0.281962,0.244686,0.406243,0.338717,0.320388,0.282716,0.486603,0.285202,0.376648,0.64134,0.47806,0.615762,0.7028,0.734722,0.667099,0.203936,0.828809,0.323891,0.404788,0.662619,0.869452,0.690129,0.255663,0.332424,0.0286667,0.796188,0.488775,0.39226,0.246203,0.281271,0.44563,0.654696,0.748053,0.182011,0.802568,0.286772,0.556635,0.564028,0.306419,0.668087,0.164913,0.336738,0.867083,0.574125,0.489359,0.519411
890,0.38246,0.693608,0.243126,0.562958,0.281962,0.244686,0.417143,0.345884,0.320388,0.282716,0.484413,0.275833,0.376648,0.64134,0.47806,0.615762,0.708894,0.73827,0.664932,0.213257,0.819755,0.325621,0.404788,0.662619,0.859091,0.688228,0.255663,0.332424,0.0289954,0.78761,0.486566,0.401422,0.246203,0.281271,0.44563,0.654696,0.755319,0.174038,0.792182,0.28972,0.549748,0.5561,0.306419,0.668087,0.16756,0.327344,0.857233,0.566795,0.486838,0.512467
900,0.38246,0.693608,0.245743,0.552332,0.281962,0.244686,0.420221,0.358551,0.320388,0.282716,0.489768,0.26784,0.376648,0.64134,0.47806,0.615762,0.711725,0.744872,0.670038,0.221342,0.813125,0.332291,0.404788,0.662619,0.848909,0.685526,0.255663,0.332424,0.0275895,0.779142,0.478099,0.405813,0.246203,0.281271,0.44563,0.654696,0.755592,0.163255,0.782387,0.285303,0.546473,0.546552,0.306419,0.668087,0.163111,0.318737,0.847821,0.558912,0.481271,0.507597
910,0.38246,0.693608,0.253691,0.544809,0.281962,0.244686,0.413844,0.36999,0.320388,0.282716,0.499338,0.265646,0.376648,0.64134,0.47806,0.615762,0.714607,0.7516,0.679382,0.223373,0.812238,0.341465,0.404788,0.662619,0.838969,0.682039,0.255663,0.332424,0.0257426,0.77121,0.468677,0.404277,0.246203,0.281271,0.44563,0.654696,0.753011,0.152518,0.777079,0.276156,0.550621,0.537351,0.302217,0.668992,0.154638,0.314253,0.838876,0.550501,0.474055,0.507911
920,0.38246,0.693608,0.262577,0.538206,0.281962,0.244686,0.40756,0.381423,0.320388,0.282716,0.509141,0.267057,0.376648,0.64134,0.47806,0.615762,0.718769,0.75768,0.687384,0.218138,0.816772,0.349704,0.404788,0.662619,0.829331,0.677787,0.255663,0.332424,0.0272994,0.764354,0.459229,0.402942,0.246203,0.281271,0.44563,0.654696,0.751688,0.141639,0.780101,0.266023,0.559944,0.533482,0.297097,0.674597,0.14559,0.317395,0.83043,0.54159,0.469451,0.513478
930,0.38246,0.693608,0.266505,0.528033,0.281962,0.244686,0.406828,0.390911,0.320388,0.282716,0.517832,0.262828,0.376648,0.64134,0.480269,0.615486,0.722235,0.763969,0.693601,0.210634,0.825325,0.353138,0.404788,0.662619,0.820054,0.672797,0.255663,0.332424,0.0286182,0.758628,0.453989,0.408102,0.246203,0.281271,0.44563,0.654696,0.744096,0.133975,0.789013,0.259894,0.569556,0.536899,0.297511,0.682177,0.141735,0.326164,0.82251,0.532209,0.467727,0.520717
940,0.38246,0.693608,0.26409,0.517313,0.281962,0.244686,0.409088,0.393663,0.320388,0.282716,0.521367,0.253776,0.376648,0.64134,0.488361,0.617836,0.724702,0.770912,0.703058,0.209153,0.833889,0.349729,0.404788,0.662619,0.811194,0.6671,0.255663,0.332424,0.029645,0.753722,0.454293,0.410129,0.246203,0.281271,0.44563,0.654696,0.733251,0.132935,0.799856,0.258995,0.579411,0.538917,0.302735,0.687941,0.145515,0.335024,0.815141,0.522388,0.463484,0.526944
950,0.38246,0.693608,0.257581,0.508132,0.281962,0.244686,0.416806,0.394567,0.320388,0.282716,0.522024,0.243741,0.376648,0.64134,0.491611,0.625602,0.727891,0.777555,0.712312,0.212441,0.837743,0.341356,0.404788,0.662619,0.802445,0.661265,0.255663,0.332424,0.0303377,0.749705,0.456896,0.401954,0.246203,0.281271,0.44563,0.654696,0.72296,0.130029,0.808565,0.252923,0.58763,0.533131,0.309407,0.691953,0.149866,0.343667,0.808349,0.51216,0.456891,0.530015
960,0.38246,0.693608,0.249269,0.500542,0.281962,0.244686,0.426559,0.386033,0.320388,0.282716,0.522397,0.233708,0.376648,0.64134,0.488711,0.632918,0.73184,0.783745,0.721455,0.209643,0.835402,0.332244,0.404788,0.662619,0.79396,0.655161,0.255663,0.332424,0.0306677,0.747329,0.461781,0.393891,0.246203,0.281271,0.444657,0.654824,0.71721,0.120715,0.810746,0.242533,0.589038,0.523179,0.312013,0.699094,0.147283,0.352939,0.802016,0.501665,0.44994,0.527876
970,0.38246,0.693608,0.239453,0.495126,0.281962,0.244686,0.429393,0.372986,0.320388,0.282716,0.524619,0.223972,0.376648,0.64134,0.486507,0.632944,0.736109,0.78966,0.725875,0.201163,0.836604,0.323082,0.404788,0.662619,0.790529,0.64573,0.255663,0.332424,0.0306217,0.746698,0.471096,0.392463,0.246203,0.281271,0.443209,0.655498,0.719138,0.110206,0.805213,0.233471,0.583545,0.51448,0.30887,0.706015,0.139081,0.357976,0.79493,0.491687,0.444981,0.522313
980,0.38246,0.693608,0.230174,0.489218,0.281962,0.244686,0.425565,0.360437,0.320388,0.282716,0.522684,0.214503,0.376648,0.64134,0.48335,0.630472,0.740325,0.795704,0.722932,0.192065,0.842635,0.315944,0.404788,0.662619,0.792131,0.63534,0.255663,0.332424,0.0297856,0.746364,0.479524,0.397341,0.246203,0.281271,0.442992,0.655959,0.728345,0.104783,0.795024,0.229806,0.574477,0.509267,0.301764,0.708755,0.129311,0.356732,0.787506,0.481908,0.440298,0.516553
990,0.38246,0.693608,0.221519,0.482027,0.281962,0.244686,0.416974,0.350152,0.320388,0.282716,0.516342,0.206699,0.376648,0.64134,0.482719,0.636956,0.745157,0.801266,0.71443,0.187359,0.84868,0.308719,0.404788,0.662619,0.792541,0.624903,0.255663,0.332424,0.0262286,0.741312,0.489044,0.397884,0.246203,0.281271,0.442548,0.656477,0.738543,0.108158,0.787199,0.222694,0.565063,0.504574,0.293931,0.709718,0.120371,0.352459,0.780656,0.471719,0.434196,0.512021
1000,0.38246,0.693608,0.211207,0.478437,0.281962,0.244686,0.405467,0.343687,0.320388,0.282716,0.510172,0.19873,0.376648,0.64134,0.486995,0.646135,0.750552,0.806285,0.704663,0.187512,0.850198,0.299433,0.404788,0.662619,0.789342,0.615273,0.255663,0.332424,0.0239027,0.733347,0.496695,0.392193,0.246203,0.281271,0.43811,0.655813,0.748452,0.112553,0.787015,0.212121,0.555507,0.50018,0.287315,0.713535,0.111833,0.347287,0.774402,0.461154,0.427998,0.507588
1010,0.38246,0.693608,0.201289,0.483311,0.281962,0.244686,0.392102,0.344721,0.320388,0.282716,0.502229,0.193211,0.376648,0.64134,0.487238,0.651197,0.756459,0.810654,0.695635,0.184332,0.854992,0.291596,0.404788,0.662619,0.780682,0.609802,0.255663,0.332424,0.0263409,0.725416,0.498913,0.382919,0.246203,0.281271,0.437318,0.655581,0.759338,0.110841,0.794589,0.204741,0.545832,0.496094,0.28446,0.720771,0.103623,0.341515,0.768765,0.450247,0.421582,0.503477
1020,0.38246,0.693608,0.19205,0.489513,0.281962,0.244686,0.38141,0.35208,0.320388,0.282716,0.492363,0.193914,0.376648,0.64134,0.481113,0.64635,0.76334,0.812943,0.690211,0.176135,0.86373,0.287694,0.404788,0.662619,0.771022,0.605601,0.255663,0.332424,0.0316645,0.718723,0.495372,0.373865,0.246203,0.281271,0.437302,0.655578,0.770009,0.112975,0.805388,0.204248,0.535758,0.493075,0.286678,0.728031,0.0957244,0.335544,0.763764,0.439034,0.414964,0.499698
1030,0.38246,0.693608,0.183738,0.496986,0.281962,0.244686,0.378192,0.364992,0.320388,0.282716,0.483883,0.198566,0.378734,0.63332,0.479214,0.637971,0.770321,0.811656,0.684192,0.168289,0.872713,0.284237,0.404788,0.662619,0.761719,0.600659,0.255663,0.332424,0.0357598,0.711179,0.488855,0.366698,0.246203,0.281271,0.437302,0.655578,0.775745,0.12199,0.813982,0.210435,0.525496,0.492771,0.292558,0.733352,0.0928647,0.326354,0.758727,0.427858,0.408331,0.496039
1040,0.38246,0.693608,0.177939,0.50651,0.281962,0.244686,0.380831,0.37783,0.320388,0.282716,0.478495,0.206982,0.374905,0.623044,0.484122,0.631113,0.776441,0.807615,0.683452,0.15873,0.881635,0.280802,0.404788,0.662619,0.752829,0.595008,0.255663,0.332424,0.0382515,0.702964,0.479486,0.364925,0.246203,0.281271,0.437302,0.655578,0.772686,0.132228,0.817552,0.220518,0.516018,0.497091,0.298248,0.738805,0.097023,0.317673,0.754138,0.416471,0.401597,0.49303
1050,0.38246,0.693608,0.176174,0.517594,0.281962,0.244686,0.390107,0.387005,0.320388,0.282716,0.477162,0.216804,0.365538,0.616857,0.490826,0.625675,0.781961,0.802733,0.684181,0.149084,0.890042,0.276772,0.404788,0.662619,0.744407,0.588681,0.255663,0.332424,0.0390374,0.694417,0.471161,0.369575,0.246203,0.281271,0.437302,0.655578,0.762945,0.136617,0.812967,0.230047,0.506985,0.502428,0.303349,0.744939,0.105977,0.314141,0.750147,0.404897,0.394848,0.495605
1060,0.38246,0.693608,0.176909,0.528826,0.281962,0.244686,0.403338,0.38766,0.320388,0.282716,0.476965,0.226881,0.360347,0.607238,0.494396,0.617766,0.787416,0.79784,0.679467,0.14057,0.89728,0.270836,0.404788,0.662619,0.735244,0.584224,0.255663,0.332424,0.0380853,0.685886,0.467759,0.378483,0.246203,0.281271,0.437302,0.655578,0.752772,0.132685,0.803289,0.235151,0.49775,0.507364,0.308508,0.751024,0.115105,0.317511,0.746441,0.393342,0.392236,0.50234
1070,0.38246,0.693608,0.183076,0.537506,0.281962,0.244686,0.415466,0.392483,0.320388,0.282716,0.473889,0.236055,0.36374,0.596848,0.492677,0.609401,0.792337,0.792446,0.670398,0.13754,0.906445,0.271476,0.404788,0.662619,0.725405,0.586676,0.255663,0.332424,0.0354342,0.677721,0.467301,0.388146,0.246203,0.281271,0.437302,0.655578,0.747503,0.123389,0.792508,0.235442,0.4885,0.51237,0.313724,0.757061,0.123673,0.322737,0.744823,0.381172,0.395408,0.508938
1080,0.38246,0.693608,0.193703,0.53703,0.281962,0.244686,0.418266,0.399289,0.320388,0.282716,0.465889,0.242087,0.373608,0.592147,0.486093,0.603962,0.79605,0.786082,0.661699,0.141765,0.912299,0.278557,0.404788,0.662619,0.719521,0.594933,0.255663,0.332424,0.0311928,0.670258,0.469157,0.395218,0.246203,0.281271,0.437302,0.655578,0.75108,0.113321,0.782919,0.230439,0.479411,0.517665,0.318996,0.763048,0.132429,0.327642,0.744449,0.36896,0.399081,0.515335
1090,0.38246,0.693608,0.199049,0.527834,0.281962,0.244686,0.421406,0.396079,0.320388,0.282716,0.457479,0.247641,0.377637,0.592541,0.477554,0.603852,0.799067,0.779359,0.652943,0.146155,0.911204,0.287678,0.404788,0.662619,0.719697,0.605291,0.255663,0.332424,0.028263,0.663969,0.470814,0.396979,0.246203,0.281271,0.437302,0.655578,0.760922,0.108569,0.77469,0.22337,0.470493,0.523243,0.323889,0.769324,0.14136,0.33222,0.746954,0.357042,0.401809,0.522292
1100,0.38246,0.693608,0.194984,0.517632,0.281962,0.244686,0.430857,0.39573,0.320388,0.282716,0.448559,0.252284,0.377637,0.592541,0.474811,0.605136,0.801355,0.772355,0.643204,0.146121,0.903842,0.293173,0.404788,0.662619,0.72082,0.615694,0.255663,0.332424,0.0293713,0.658971,0.469038,0.39038,0.246203,0.281271,0.437302,0.655578,0.771169,0.104697,0.764485,0.219258,0.461755,0.529098,0.328795,0.775615,0.150454,0.336464,0.752833,0.346296,0.407886,0.526443
1110,0.38246,0.693608,0.186496,0.510838,0.281962,0.244686,0.440514,0.401627,0.320388,0.282716,0.439238,0.255885,0.377637,0.592541,0.474811,0.605136,0.802887,0.765147,0.636073,0.139736,0.894652,0.291781,0.404788,0.662619,0.723147,0.625968,0.255663,0.332424,0.0301552,0.654568,0.469738,0.376629,0.246203,0.281271,0.437302,0.655578,0.781013,0.108851,0.754182,0.215248,0.457015,0.53668,0.331278,0.782806,0.159699,0.340368,0.759448,0.335953,0.409818,0.529637
1120,0.38246,0.693608,0.176251,0.513703,0.281962,0.244686,0.450376,0.402435,0.320388,0.282716,0.429737,0.258834,0.377637,0.592541,0.474811,0.605136,0.803483,0.757832,0.634593,0.130068,0.885809,0.28798,0.404788,0.662619,0.724666,0.636391,0.255663,0.332424,0.030087,0.65189,0.462987,0.36418,0.246203,0.281271,0.437302,0.655578,0.784317,0.119012,0.744006,0.210926,0.455085,0.538403,0.328709,0.790224,0.169083,0.343928,0.768418,0.327798,0.411142,0.53627
1130,0.38246,0.693608,0.173121,0.523869,0.281962,0.244686,0.457127,0.397269,0.320388,0.282716,0.421116,0.26322,0.377637,0.592541,0.474811,0.605136,0.802884,0.750488,0.637747,0.120676,0.877063,0.28396,0.404788,0.662619,0.725369,0.646902,0.255663,0.332424,0.0269092,0.647532,0.451281,0.359515,0.246203,0.281271,0.437302,0.655578,0.7788,0.128162,0.733965,0.206298,0.455085,0.538403,0.325047,0.797289,0.178592,0.347137,0.778736,0.321145,0.407959,0.54281
1140,0.38005,0.696155,0.17998,0.532,0.281962,0.244686,0.448214,0.387939,0.320388,0.282716,0.415468,0.271464,0.377637,0.592541,0.474811,0.605136,0.801468,0.743279,0.641352,0.111348,0.868419,0.279725,0.404788,0.662619,0.72525,0.657435,0.255663,0.332424,0.023935,0.639818,0.443333,0.35438,0.246203,0.281271,0.437302,0.655578,0.769633,0.134434,0.724027,0.201596,0.455085,0.538403,0.321376,0.804372,0.188213,0.349993,0.78877,0.31421,0.405907,0.544308
1150,0.377125,0.705582,0.191075,0.532802,0.281962,0.244686,0.435235,0.388084,0.320388,0.282716,0.414781,0.281105,0.377637,0.592541,0.474811,0.605136,0.798788,0.736415,0.644882,0.101991,0.859883,0.275276,0.404788,0.662619,0.722785,0.667365,0.255663,0.332424,0.0256446,0.631699,0.442171,0.345028,0.246203,0.281271,0.437302,0.655578,0.764635,0.143993,0.713445,0.202453,0.455085,0.538403,0.317772,0.81149,0.197933,0.35249,0.794034,0.303614,0.405907,0.544308
1160,0.374006,0.714951,0.201457,0.528553,0.281962,0.244686,0.42503,0.396555,0.320388,0.282716,0.420857,0.288622,0.377637,0.592541,0.474811,0.605136,0.795395,0.729874,0.648456,0.0928116,0.851461,0.270616,0.404788,0.662619,0.714526,0.673587,0.255663,0.332424,0.0315536,0.625851,0.446584,0.336339,0.246203,0.281271,0.437302,0.655578,0.767114,0.154491,0.706325,0.21033,0.455085,0.538403,0.314235,0.818641,0.207739,0.354626,0.791624,0.291823,0.405907,0.544308
1170,0.365613,0.72014,0.210661,0.522073,0.281962,0.244686,0.422983,0.409371,0.320388,0.282716,0.428212,0.289512,0.377637,0.592541,0.474811,0.605136,0.791328,0.72373,0.656494,0.0876136,0.843156,0.265748,0.404788,0.662619,0.705943,0.679695,0.255663,0.332424,0.0385673,0.620902,0.449083,0.329455,0.246203,0.281271,0.437302,0.655578,0.775871,0.160882,0.70584,0.221131,0.455085,0.538403,0.310766,0.825825,0.216465,0.358808,0.783481,0.28324,0.405907,0.544308
1180,0.355846,0.718728,0.218277,0.513787,0.281962,0.244686,0.430941,0.419624,0.320388,0.282716,0.437201,0.285967,0.377637,0.592541,0.474811,0.605136,0.787056,0.717809,0.665868,0.0895472,0.834976,0.260676,0.404788,0.662619,0.696911,0.685116,0.255663,0.332424,0.0444407,0.614642,0.442671,0.322815,0.246203,0.281271,0.437302,0.655578,0.786654,0.162423,0.711295,0.23024,0.455085,0.538403,0.307419,0.833045,0.220087,0.367726,0.771856,0.279881,0.405907,0.544308
1190,0.348331,0.712031,0.22396,0.504071,0.281962,0.244686,0.443864,0.420821,0.320388,0.282716,0.441361,0.277243,0.377637,0.592541,0.474811,0.605136,0.781873,0.713082,0.671194,0.0975014,0.826923,0.255403,0.404788,0.662619,0.687484,0.689817,0.255663,0.332424,0.0489327,0.607327,0.434733,0.31739,0.246203,0.281271,0.437302,0.655578,0.797342,0.159664,0.720979,0.235204,0.455085,0.538403,0.304392,0.840401,0.217658,0.377256,0.764508,0.270704,0.405907,0.544308
1200,0.344424,0.702742,0.227449,0.49337,0.281962,0.244686,0.454714,0.413183,0.320388,0.282716,0.438449,0.268026,0.377637,0.592541,0.474811,0.605136,0.775496,0.709782,0.66957,0.107044,0.819004,0.24993,0.404788,0.662619,0.677719,0.693768,0.255663,0.332424,0.0518592,0.599257,0.433319,0.308073,0.246203,0.281271,0.437302,0.655578,0.805784,0.152607,0.726146,0.244447,0.455085,0.538403,0.301127,0.84768,0.21026,0.383496,0.764016,0.258837,0.405907,0.544308
1210,0.336471,0.697094,0.230258,0.482646,0.281962,0.244686,0.458074,0.400647,0.320388,0.282716,0.433214,0.259738,0.377637,0.592541,0.474811,0.605136,0.768955,0.707246,0.665753,0.116287,0.815651,0.245533,0.404788,0.662619,0.667676,0.696947,0.255663,0.332424,0.0531,0.590764,0.43956,0.301011,0.246203,0.281271,0.437302,0.655578,0.808801,0.14225,0.725112,0.255094,0.455085,0.538403,0.297931,0.85499,0.200704,0.385935,0.767117,0.248725,0.405907,0.544308
1220,0.327036,0.699564,0.235215,0.472658,0.281962,0.244686,0.451218,0.389627,0.320388,0.282716,0.430385,0.250304,0.377637,0.592541,0.474811,0.605136,0.761865,0.70644,0.66201,0.12556,0.815938,0.245161,0.404788,0.662619,0.657609,0.69974,0.255663,0.332424,0.0526044,0.582194,0.448688,0.297653,0.246203,0.281271,0.437302,0.655578,0.804301,0.132447,0.716925,0.261786,0.455085,0.538403,0.294804,0.862329,0.192937,0.391728,0.769402,0.24581,0.405907,0.544308
1230,0.32287,0.708383,0.234395,0.461617,0.281962,0.244686,0.438495,0.385906,0.320388,0.282716,0.42692,0.241205,0.377637,0.592541,0.474811,0.605136,0.756139,0.702066,0.658341,0.134863,0.815941,0.245161,0.404788,0.662619,0.648644,0.704895,0.255663,0.332424,0.0503926,0.5739,0.45492,0.290202,0.246203,0.281271,0.437302,0.655578,0.794945,0.126624,0.706414,0.26446,0.455085,0.538403,0.291752,0.869682,0.184824,0.396921,0.77707,0.254704,0.405907,0.544308
1240,0.325777,0.717947,0.237292,0.451064,0.281962,0.244686,0.426476,0.390805,0.320388,0.282716,0.429193,0.231563,0.377637,0.592541,0.474811,0.605136,0.753641,0.695472,0.654746,0.144195,0.816737,0.243806,0.404788,0.662619,0.638387,0.704137,0.255663,0.332424,0.0465554,0.566221,0.463512,0.286329,0.246203,0.281271,0.437302,0.655578,0.790054,0.117124,0.699876,0.272825,0.455085,0.538403,0.289342,0.877285,0.17535,0.395222,0.784791,0.264941,0.405907,0.544308
1250,0.334333,0.722629,0.245437,0.443754,0.281962,0.244686,0.418448,0.401459,0.320388,0.282716,0.426425,0.222303,0.377637,0.592541,0.474811,0.605136,0.75584,0.688771,0.651226,0.153555,0.816799,0.243097,0.404788,0.662619,0.6315,0.696838,0.255663,0.332424,0.0412501,0.559473,0.471994,0.290435,0.246203,0.281271,0.437302,0.655578,0.794034,0.107208,0.700419,0.283588,0.455085,0.538403,0.287015,0.884916,0.169563,0.38753,0.796738,0.274033,0.405907,0.544308
1260,0.343416,0.719076,0.256284,0.441533,0.281962,0.244686,0.407514,0.40908,0.320388,0.282716,0.420366,0.214529,0.377637,0.592541,0.474811,0.605136,0.76176,0.684939,0.64778,0.162943,0.817064,0.242669,0.404788,0.662619,0.629528,0.686609,0.255663,0.332424,0.0346941,0.553932,0.474287,0.299576,0.246203,0.281271,0.437302,0.655578,0.804151,0.103725,0.706511,0.292283,0.455085,0.538403,0.28476,0.892569,0.170557,0.377956,0.808242,0.271587,0.405907,0.544308
1270,0.34844,0.710342,0.266975,0.438261,0.281962,0.244686,0.403688,0.421482,0.320388,0.282716,0.420956,0.204926,0.377637,0.592541,0.474811,0.605136,0.769022,0.684135,0.644409,0.172358,0.810915,0.235977,0.404788,0.662619,0.632531,0.67658,0.255663,0.332424,0.0280094,0.548811,0.468824,0.307394,0.246203,0.281271,0.437302,0.655578,0.815097,0.105674,0.716883,0.295419,0.455085,0.538403,0.282577,0.900242,0.17661,0.370265,0.818189,0.265225,0.405907,0.544308
1280,0.35618,0.703908,0.275019,0.431283,0.281962,0.244686,0.410127,0.432751,0.320388,0.282716,0.42811,0.198202,0.377637,0.592541,0.474811,0.605136,0.776142,0.682237,0.641113,0.1818,0.8109,0.22679,0.404788,0.662619,0.636601,0.666864,0.255663,0.332424,0.0248759,0.541128,0.459765,0.310404,0.246203,0.281271,0.437302,0.655578,0.825974,0.108135,0.727258,0.292508,0.455085,0.538403,0.278237,0.90649,0.186032,0.368294,0.827417,0.257748,0.405907,0.544308
1290,0.365979,0.702739,0.273517,0.420752,0.281962,0.244686,0.422755,0.43575,0.320388,0.282716,0.437641,0.19511,0.377637,0.592541,0.474811,0.605136,0.782568,0.678743,0.637892,0.191267,0.817386,0.22007,0.404788,0.662619,0.641415,0.657495,0.255663,0.332424,0.0264862,0.532988,0.450503,0.313278,0.246203,0.281271,0.437302,0.655578,0.83682,0.110928,0.734389,0.284641,0.455085,0.538403,0.270772,0.907921,0.194277,0.37326,0.839294,0.258862,0.405907,0.544308
1300,0.374724,0.707669,0.263847,0.41632,0.281962,0.244686,0.435922,0.432744,0.320388,0.282716,0.447445,0.192903,0.377637,0.592541,0.474811,0.605136,0.788622,0.6746,0.634747,0.20076,0.82382,0.213137,0.404788,0.662619,0.64433,0.647676,0.255663,0.332424,0.0323092,0.527077,0.441859,0.318001,0.246203,0.281271,0.437302,0.655578,0.847438,0.11449,0.736396,0.273844,0.455085,0.538403,0.264442,0.903713,0.198669,0.382007,0.848411,0.266555,0.405907,0.544308
1310,0.379718,0.71618,0.254811,0.422047,0.281962,0.244686,0.448121,0.427519,0.320388,0.282716,0.457428,0.191514,0.377637,0.592541,0.474811,0.605136,0.794295,0.669926,0.632572,0.210448,0.832741,0.210942,0.404788,0.662619,0.644536,0.637162,0.255663,0.332424,0.0404418,0.524722,0.433311,0.323014,0.246203,0.281271,0.437302,0.655578,0.857484,0.119328,0.737653,0.26286,0.455085,0.538403,0.262871,0.896276,0.196452,0.391374,0.850992,0.27801,0.405907,0.544308
1320,0.378082,0.725911,0.252401,0.432478,0.281962,0.244686,0.454318,0.415874,0.320388,0.282716,0.467405,0.190678,0.377637,0.592541,0.474811,0.605136,0.799942,0.66522,0.627559,0.218728,0.840481,0.215892,0.404788,0.662619,0.646532,0.626975,0.255663,0.332424,0.0484809,0.521713,0.424357,0.327263,0.246203,0.281271,0.437302,0.655578,0.865605,0.126945,0.739242,0.251919,0.455085,0.538403,0.265659,0.888855,0.188454,0.396729,0.844668,0.28818,0.405907,0.544308
1330,0.371585,0.733576,0.259695,0.440403,0.281962,0.244686,0.45807,0.402874,0.320388,0.282716,0.477179,0.192729,0.377637,0.592541,0.474811,0.605136,0.804911,0.659865,0.620617,0.225926,0.84223,0.22491,0.404788,0.662619,0.652034,0.618092,0.255663,0.332424,0.055749,0.517146,0.415228,0.33075,0.246203,0.281271,0.437302,0.655578,0.872973,0.13538,0.741089,0.241038,0.455085,0.538403,0.268601,0.88144,0.178669,0.396989,0.833608,0.292122,0.405907,0.544308
1340,0.362013,0.735972,0.270333,0.440862,0.281962,0.244686,0.46139,0.389757,0.320388,0.282716,0.486119,0.197319,0.377637,0.592541,0.474811,0.605136,0.810782,0.655526,0.613792,0.233208,0.837129,0.232735,0.404788,0.662619,0.657966,0.609435,0.255663,0.332424,0.061948,0.511208,0.408655,0.337912,0.246203,0.281271,0.437302,0.655578,0.879718,0.14432,0.741493,0.230074,0.455085,0.538403,0.271474,0.873997,0.171131,0.391003,0.823306,0.286487,0.405907,0.544308
1350,0.353136,0.731661,0.27648,0.43218,0.281962,0.244686,0.465172,0.376924,0.320388,0.282716,0.494713,0.202583,0.377637,0.592541,0.474811,0.605136,0.81634,0.650731,0.607559,0.241028,0.82907,0.235408,0.404788,0.662619,0.664201,0.600972,0.255663,0.332424,0.0668239,0.504143,0.406412,0.347323,0.246203,0.281271,0.437302,0.655578,0.883681,0.154538,0.741368,0.219084,0.455085,0.538403,0.274276,0.866527,0.16968,0.381488,0.819629,0.276535,0.405907,0.544308
1360,0.348667,0.722705,0.2777,0.421163,0.281962,0.244686,0.475483,0.368946,0.320388,0.282716,0.503222,0.207943,0.377637,0.592541,0.474811,0.605136,0.821065,0.645078,0.601389,0.248898,0.820736,0.231544,0.404788,0.662619,0.671648,0.593522,0.255663,0.332424,0.0701767,0.496241,0.408371,0.356826,0.246203,0.281271,0.437302,0.655578,0.880462,0.164727,0.746364,0.209572,0.455085,0.538403,0.277008,0.859032,0.174461,0.372903,0.824369,0.266217,0.405907,0.544308
1370,0.349064,0.712845,0.28412,0.4123,0.281962,0.244686,0.488461,0.370168,0.320388,0.282716,0.509776,0.215235,0.377637,0.592541,0.474811,0.605136,0.825165,0.638955,0.595545,0.256961,0.817777,0.222846,0.404788,0.662619,0.679481,0.586539,0.255663,0.332424,0.0718689,0.487826,0.414514,0.364301,0.246203,0.281271,0.437302,0.655578,0.870653,0.168964,0.749445,0.199295,0.455085,0.538403,0.279669,0.851511,0.183082,0.368621,0.835422,0.262212,0.405907,0.544308
1380,0.3557,0.705541,0.294313,0.408317,0.281962,0.244686,0.497373,0.379852,0.320388,0.282716,0.514826,0.223957,0.377637,0.592541,0.474811,0.605136,0.828436,0.632384,0.59144,0.266052,0.818176,0.220499,0.404788,0.662619,0.686921,0.579082,0.255663,0.332424,0.0718312,0.479242,0.421536,0.370977,0.246203,0.281271,0.437302,0.655578,0.861029,0.164323,0.74683,0.188997,0.455085,0.538403,0.28226,0.843965,0.192312,0.37135,0.846816,0.265566,0.405907,0.544308
1390,0.365477,0.704203,0.305176,0.410284,0.281962,0.244686,0.50742,0.388085,0.320388,0.282716,0.519363,0.232882,0.377637,0.592541,0.474811,0.605136,0.830154,0.625374,0.587643,0.275182,0.818176,0.220499,0.404788,0.662619,0.694115,0.571441,0.255663,0.332424,0.0700651,0.470841,0.427425,0.378604,0.246203,0.281271,0.437302,0.655578,0.857245,0.154064,0.741587,0.179592,0.455085,0.538403,0.284779,0.836395,0.19722,0.37963,0.85212,0.276041,0.405907,0.544308
1400,0.374375,0.708875,0.315718,0.408781,0.281962,0.244686,0.52078,0.388898,0.320388,0.282716,0.518235,0.242437,0.377637,0.592541,0.474811,0.605136,0.835044,0.620293,0.579742,0.280587,0.818176,0.220499,0.404788,0.662619,0.701546,0.563975,0.255663,0.332424,0.066643,0.462969,0.436668,0.381557,0.246203,0.281271,0.437302,0.655578,0.860948,0.14398,0.74407,0.169194,0.455085,0.538403,0.287226,0.828802,0.195173,0.389051,0.8493,0.287717,0.405907,0.544308
1410,0.384123,0.709199,0.321605,0.399564,0.281962,0.244686,0.53363,0.386642,0.320388,0.282716,0.51048,0.248132,0.377637,0.592541,0.474811,0.605136,0.842041,0.619411,0.57032,0.278897,0.818176,0.220499,0.404788,0.662619,0.709537,0.557112,0.255663,0.332424,0.0617053,0.455947,0.445981,0.379506,0.246203,0.281271,0.437302,0.655578,0.869923,0.138072,0.751915,0.16209,0.455085,0.538403,0.289602,0.821186,0.188516,0.396151,0.839561,0.2945,0.405907,0.544308
1420,0.390632,0.701935,0.318134,0.389509,0.281962,0.244686,0.541821,0.376229,0.320388,0.282716,0.501025,0.246347,0.377637,0.592541,0.474811,0.605136,0.849239,0.620979,0.564178,0.271315,0.818176,0.220499,0.404788,0.662619,0.718039,0.550892,0.255663,0.332424,0.0578975,0.448569,0.453142,0.372877,0.246203,0.281271,0.437302,0.655578,0.880596,0.135581,0.762587,0.162726,0.455085,0.538403,0.292042,0.813654,0.178935,0.397076,0.830117,0.301733,0.405907,0.544308
1430,0.389243,0.692281,0.309892,0.382097,0.281962,0.244686,0.551412,0.367106,0.320388,0.282716,0.495667,0.238223,0.377637,0.592541,0.474811,0.605136,0.856564,0.621788,0.562701,0.261653,0.818176,0.220499,0.404788,0.662619,0.727692,0.547242,0.255663,0.332424,0.0587636,0.440317,0.460262,0.366284,0.246203,0.281271,0.437302,0.655578,0.887395,0.127207,0.773306,0.164263,0.455085,0.538403,0.297787,0.808677,0.171285,0.391235,0.825372,0.312634,0.405907,0.544308
1440,0.380934,0.687145,0.305044,0.372101,0.281962,0.244686,0.564533,0.366077,0.320388,0.282716,0.489759,0.230564,0.377637,0.592541,0.474811,0.605136,0.863916,0.621816,0.558039,0.253181,0.818176,0.220499,0.404788,0.662619,0.73695,0.542471,0.255663,0.332424,0.064027,0.433902,0.469685,0.366458,0.246203,0.281271,0.437302,0.655578,0.887052,0.116426,0.782432,0.158837,0.455085,0.538403,0.305373,0.809149,0.167666,0.381985,0.828946,0.323912,0.405907,0.544308
1450,0.371119,0.688232,0.297374,0.364008,0.281962,0.244686,0.576225,0.371862,0.320388,0.282716,0.480225,0.228982,0.377637,0.592541,0.474811,0.605136,0.871265,0.621964,0.549569,0.248611,0.818176,0.220499,0.404788,0.662619,0.745581,0.536463,0.255663,0.332424,0.0719513,0.431442,0.476559,0.373253,0.246203,0.281271,0.437302,0.655578,0.882118,0.10659,0.785359,0.148631,0.455085,0.538403,0.310457,0.8148,0.163985,0.372946,0.839119,0.329954,0.405907,0.544308
1460,0.365501,0.696205,0.296233,0.36259,0.281962,0.244686,0.580825,0.384059,0.320388,0.282716,0.471612,0.233784,0.377637,0.592541,0.474811,0.605136,0.878624,0.621584,0.539983,0.249349,0.819639,0.213594,0.404788,0.662619,0.754674,0.53134,0.255663,0.332424,0.0804809,0.432062,0.477112,0.382775,0.246203,0.281271,0.437302,0.655578,0.884629,0.096204,0.781674,0.138407,0.455085,0.538403,0.312441,0.822446,0.155938,0.367434,0.850733,0.327697,0.405907,0.544308
1470,0.368006,0.705631,0.296233,0.36259,0.281962,0.244686,0.575837,0.39612,0.320388,0.282716,0.462052,0.23486,0.377637,0.592541,0.474811,0.605136,0.885799,0.620044,0.533346,0.256446,0.816017,0.205118,0.404788,0.662619,0.764902,0.528819,0.255663,0.332424,0.0890202,0.431188,0.474047,0.392029,0.246203,0.281271,0.437302,0.655578,0.894124,0.091303,0.782612,0.127648,0.455085,0.538403,0.312986,0.830405,0.1465,0.369068,0.861043,0.321507,0.405907,0.544308
1480,0.373412,0.709273,0.296233,0.36259,0.281962,0.244686,0.567407,0.406666,0.320388,0.282716,0.454742,0.228604,0.377637,0.592541,0.474811,0.605136,0.892492,0.617135,0.525378,0.261943,0.809364,0.198463,0.404788,0.662619,0.775181,0.529216,0.255663,0.332424,0.0972085,0.428611,0.476157,0.401328,0.246203,0.281271,0.437302,0.655578,0.904044,0.0952716,0.783761,0.116977,0.455085,0.538403,0.31229,0.838193,0.140375,0.376776,0.872538,0.323904,0.405907,0.544308
1490,0.373412,0.709273,0.296233,0.36259,0.281962,0.244686,0.559586,0.417707,0.320388,0.282716,0.453685,0.218843,0.377637,0.592541,0.474811,0.605136,0.896985,0.611747,0.518185,0.268255,0.808709,0.189299,0.404788,0.662619,0.782158,0.536429,0.255663,0.332424,0.10471,0.424439,0.483468,0.40777,0.246203,0.281271,0.437302,0.655578,0.907539,0.105369,0.777863,0.107958,0.455085,0.538403,0.311098,0.84608,0.138315,0.386186,0.878396,0.334079,0.405907,0.544308
1500,0.373412,0.709273,0.296233,0.36259,0.281962,0.244686,0.552134,0.429001,0.320388,0.282716,0.458643,0.210598,0.377637,0.592541,0.474811,0.605136,0.899198,0.604823,0.517625,0.277801,0.814895,0.182508,0.404788,0.662619,0.78121,0.54642,0.255663,0.332424,0.111217,0.41884,0.491156,0.41397,0.246203,0.281271,0.437302,0.655578,0.902194,0.114621,0.774665,0.0978785,0.455085,0.538403,0.309991,0.85398,0.143698,0.394109,0.875098,0.34556,0.405907,0.544308
1510,0.373843,0.709402,0.296233,0.36259,0.281962,0.244686,0.545059,0.440534,0.320388,0.282716,0.467903,0.207252,0.377637,0.592541,0.474811,0.605136,0.897877,0.597724,0.524035,0.284896,0.82408,0.182308,0.404788,0.662619,0.774264,0.55415,0.255663,0.332424,0.116463,0.412046,0.500323,0.416597,0.246203,0.281271,0.437302,0.655578,0.891932,0.118939,0.779813,0.0886414,0.455085,0.538403,0.308959,0.861891,0.152904,0.397333,0.869333,0.356333,0.405907,0.544308
1520,0.382817,0.713741,0.296233,0.36259,0.281962,0.244686,0.538368,0.452295,0.320388,0.282716,0.476857,0.210774,0.377637,0.592541,0.474811,0.605136,0.896497,0.590551,0.533717,0.28571,0.831932,0.187577,0.404788,0.662619,0.765808,0.560404,0.255663,0.332424,0.120232,0.404334,0.509669,0.413904,0.246203,0.281271,0.437302,0.655578,0.881228,0.122237,0.790068,0.0860596,0.455085,0.538403,0.308543,0.869799,0.16159,0.393295,0.869383,0.368164,0.405907,0.544308
1530,0.390214,0.720714,0.296233,0.36259,0.281962,0.244686,0.53207,0.464271,0.320388,0.282716,0.480391,0.219722,0.377637,0.592541,0.474811,0.605136,0.894708,0.583403,0.542039,0.281,0.841133,0.188123,0.404788,0.662619,0.759682,0.568687,0.255663,0.332424,0.122371,0.39602,0.515756,0.406564,0.246203,0.281271,0.437302,0.655578,0.870317,0.124759,0.798976,0.0917578,0.455085,0.538403,0.308911,0.877768,0.164541,0.384182,0.877292,0.376964,0.405907,0.544308
1540,0.393889,0.729872,0.296233,0.36259,0.281962,0.244686,0.523268,0.474202,0.320388,0.282716,0.47626,0.228411,0.377637,0.592541,0.474811,0.605136,0.892172,0.576485,0.54452,0.271765,0.848176,0.182176,0.404788,0.662619,0.752967,0.576641,0.255663,0.332424,0.122791,0.387447,0.520273,0.398077,0.246203,0.281271,0.437302,0.655578,0.859252,0.126494,0.800931,0.10215,0.455085,0.538403,0.309355,0.885734,0.160145,0.375493,0.889051,0.378271,0.405907,0.544308
1550,0.390825,0.739252,0.296233,0.36259,0.281962,0.244686,0.510688,0.477619,0.320388,0.282716,0.467266,0.232642,0.377637,0.592541,0.474811,0.605136,0.888836,0.569944,0.541222,0.262609,0.849576,0.172918,0.404788,0.662619,0.745026,0.583563,0.255663,0.332424,0.118996,0.381315,0.529193,0.394123,0.246203,0.281271,0.437302,0.655578,0.848092,0.127432,0.796435,0.112185,0.455085,0.538403,0.310755,0.8935,0.156526,0.366047,0.899126,0.371728,0.405907,0.544308
1560,0.382671,0.745109,0.296233,0.36259,0.281962,0.244686,0.497483,0.477703,0.320388,0.282716,0.459481,0.238382,0.377637,0.592541,0.474811,0.605136,0.884422,0.564043,0.53275,0.258175,0.853294,0.164517,0.404788,0.662619,0.73657,0.589844,0.255663,0.332424,0.114816,0.373564,0.537413,0.389246,0.246203,0.281271,0.437302,0.655578,0.836894,0.127568,0.791335,0.121994,0.455085,0.538403,0.314016,0.900704,0.150201,0.359628,0.908963,0.364677,0.405907,0.544308
1570,0.372849,0.746056,0.296233,0.36259,0.281962,0.244686,0.48719,0.486055,0.320388,0.282716,0.457696,0.247897,0.377637,0.592541,0.474811,0.605136,0.879408,0.558644,0.523647,0.261102,0.861943,0.161419,0.404788,0.662619,0.72765,0.595448,0.255663,0.332424,0.108117,0.371255,0.542514,0.381013,0.246203,0.281271,0.437302,0.655578,0.825714,0.126903,0.785941,0.131645,0.455085,0.538403,0.314473,0.908291,0.148512,0.348418,0.920652,0.365785,0.405907,0.544308
1580,0.364711,0.740475,0.296233,0.36259,0.281962,0.244686,0.484388,0.498728,0.320388,0.282716,0.461105,0.257056,0.377637,0.592541,0.474811,0.605136,0.87385,0.553807,0.516973,0.26831,0.871235,0.163572,0.404788,0.662619,0.71832,0.600339,0.255663,0.332424,0.105881,0.369207,0.543933,0.371398,0.246203,0.281271,0.437302,0.655578,0.814611,0.125438,0.780256,0.141127,0.455085,0.538403,0.309486,0.914028,0.147654,0.341472,0.927602,0.375249,0.405907,0.544308
1590,0.362057,0.730971,0.296233,0.36259,0.281962,0.244686,0.485413,0.502205,0.320388,0.282716,0.467961,0.261777,0.377637,0.592541,0.474811,0.605136,0.86781,0.549586,0.509992,0.273551,0.878558,0.169119,0.404788,0.662619,0.70858,0.604041,0.255663,0.332424,0.106897,0.365423,0.547247,0.362323,0.246203,0.281271,0.437302,0.655578,0.803641,0.123183,0.774286,0.150433,0.455085,0.538403,0.301909,0.914628,0.152309,0.346152,0.92516,0.386734,0.405907,0.544308
1600,0.364441,0.721236,0.296233,0.36259,0.281962,0.244686,0.485413,0.502205,0.320388,0.282716,0.477773,0.260492,0.377637,0.592541,0.474811,0.605136,0.861632,0.545601,0.506804,0.28273,0.879589,0.178248,0.404788,0.662619,0.69907,0.600836,0.255663,0.332424,0.110824,0.360833,0.555316,0.357011,0.246203,0.281271,0.437302,0.655578,0.79286,0.120147,0.768036,0.159553,0.455085,0.538403,0.29608,0.90975,0.151832,0.353422,0.914966,0.392809,0.405907,0.544308
1610,0.371297,0.713871,0.296233,0.36259,0.281962,0.244686,0.485413,0.502205,0.320388,0.282716,0.486739,0.263983,0.377637,0.592541,0.474811,0.605136,0.854988,0.542487,0.509304,0.29196,0.873685,0.185288,0.404788,0.662619,0.695326,0.591525,0.255663,0.332424,0.111063,0.352512,0.564564,0.358825,0.246203,0.281271,0.437302,0.655578,0.782304,0.116581,0.761513,0.168479,0.455085,0.538403,0.293688,0.902192,0.152428,0.362997,0.903066,0.395832,0.405907,0.544308
1620,0.380922,0.711693,0.296233,0.36259,0.281962,0.244686,0.485413,0.502205,0.320388,0.282716,0.490303,0.272919,0.377637,0.592541,0.474811,0.605136,0.847955,0.540424,0.517636,0.296653,0.86447,0.187154,0.404788,0.662619,0.699982,0.582619,0.255663,0.332424,0.10642,0.345758,0.569106,0.367082,0.246203,0.281271,0.437302,0.655578,0.771648,0.118253,0.754722,0.177204,0.455085,0.538403,0.291422,0.894542,0.158488,0.370563,0.891012,0.398167,0.405907,0.544308
1630,0.390922,0.711559,0.296233,0.36259,0.281962,0.244686,0.487834,0.507413,0.320388,0.282716,0.48783,0.282399,0.377637,0.592541,0.474811,0.605136,0.840592,0.540205,0.526824,0.294007,0.856461,0.182654,0.404788,0.662619,0.708098,0.575964,0.255663,0.332424,0.0983273,0.345714,0.565686,0.375864,0.246203,0.281271,0.437302,0.655578,0.763926,0.126068,0.74767,0.185719,0.455085,0.538403,0.289084,0.886915,0.168018,0.371519,0.878845,0.399805,0.405907,0.544308
1640,0.398946,0.705914,0.296233,0.36259,0.281962,0.244686,0.498301,0.515087,0.320388,0.282716,0.479609,0.287396,0.377637,0.592541,0.474811,0.605136,0.833246,0.54078,0.531453,0.285578,0.851702,0.174316,0.404788,0.662619,0.716007,0.569006,0.255663,0.332424,0.0902357,0.347577,0.558276,0.382165,0.246203,0.281271,0.437302,0.655578,0.753915,0.130286,0.740363,0.194016,0.455085,0.538403,0.286674,0.87931,0.175211,0.365171,0.866603,0.400742,0.405907,0.544308
1650,0.402233,0.697041,0.296233,0.36259,0.281962,0.244686,0.504564,0.515336,0.320388,0.282716,0.46985,0.286529,0.377637,0.592541,0.474811,0.605136,0.826125,0.542567,0.535794,0.276988,0.84752,0.165696,0.40517,0.662104,0.724434,0.562685,0.255663,0.332424,0.0824546,0.344695,0.552444,0.389903,0.246203,0.281271,0.437302,0.655578,0.743599,0.1275,0.732693,0.201885,0.455085,0.538403,0.284193,0.871727,0.181103,0.357424,0.854327,0.400974,0.405907,0.544308
1660,0.40926,0.692119,0.296233,0.36259,0.281962,0.244686,0.504564,0.515336,0.320388,0.282716,0.463559,0.27925,0.377637,0.592541,0.474811,0.605136,0.819253,0.545225,0.544832,0.273835,0.843263,0.157063,0.405726,0.661249,0.733327,0.55704,0.255663,0.332424,0.0775424,0.338008,0.545002,0.396258,0.246203,0.281271,0.437304,0.655577,0.736357,0.119087,0.722362,0.204138,0.455085,0.538403,0.28164,0.864169,0.190537,0.355516,0.842059,0.400501,0.405907,0.544308
1670,0.419118,0.69255,0.296233,0.36259,0.281962,0.244686,0.504564,0.515336,0.320388,0.282716,0.462666,0.269384,0.377637,0.592541,0.474811,0.605136,0.81226,0.546181,0.554166,0.276771,0.839221,0.148327,0.405726,0.661249,0.742634,0.552105,0.255663,0.332424,0.0771196,0.329721,0.541387,0.40519,0.246203,0.281271,0.437304,0.655577,0.731203,0.109423,0.71364,0.198159,0.455085,0.538403,0.279017,0.856635,0.198749,0.360538,0.829838,0.399324,0.405907,0.544308
1680,0.426398,0.699212,0.296233,0.36259,0.281962,0.244686,0.504564,0.515336,0.320388,0.282716,0.458149,0.260605,0.377637,0.592541,0.474811,0.605136,0.805536,0.543676,0.559469,0.28474,0.835357,0.13955,0.405726,0.661249,0.752286,0.547985,0.255663,0.332424,0.0798316,0.32161,0.539009,0.414811,0.246203,0.281271,0.437304,0.655577,0.728482,0.0988071,0.712021,0.187693,0.455085,0.538403,0.276322,0.849126,0.199085,0.360955,0.817705,0.397446,0.405907,0.544308
1690,0.432214,0.707348,0.296233,0.36259,0.281962,0.244686,0.512707,0.513349,0.320388,0.282716,0.449763,0.25539,0.377637,0.592541,0.474811,0.605136,0.804342,0.535168,0.557819,0.294277,0.829412,0.132045,0.405726,0.661249,0.758753,0.551311,0.255663,0.332424,0.0810984,0.31312,0.535787,0.424183,0.246203,0.281271,0.437304,0.655577,0.726023,0.0883953,0.712422,0.176969,0.455085,0.538403,0.273557,0.841642,0.199085,0.360955,0.805699,0.394875,0.405907,0.544308
1700,0.441445,0.710716,0.296233,0.36259,0.281962,0.244686,0.521269,0.503594,0.320388,0.282716,0.440123,0.256084,0.377637,0.592541,0.474811,0.605136,0.803173,0.523897,0.556416,0.303956,0.823412,0.124518,0.405726,0.661249,0.764583,0.557794,0.255663,0.332424,0.080629,0.304549,0.531745,0.433233,0.246203,0.281271,0.437304,0.655577,0.732248,0.0797114,0.705661,0.168783,0.455085,0.538403,0.270722,0.834185,0.199085,0.360955,0.793861,0.391619,0.405907,0.544308
